Age,Grade,Gender,Year,Number,Sector
15,C1,FE,1976,7898,PUB
15,C1,MA,1976,15289,PUB
15,C2,FE,1976,6044,PUB
15,C2,MA,1976,11445,PUB
15,C3,FE,1976,2920,PUB
15,C3,MA,1976,6226,PUB
16,C1,FE,1976,5691,PUB
16,C1,MA,1976,11060,PUB
16,C2,FE,1976,6746,PUB
16,C2,MA,1976,12753,PUB
16,C3,FE,1976,5288,PUB
16,C3,MA,1976,10614,PUB
17,C1,FE,1976,1391,PUB
17,C1,MA,1976,2824,PUB
17,C2,FE,1976,4862,PUB
17,C2,MA,1976,9440,PUB
17,C3,FE,1976,6180,PUB
17,C3,MA,1976,13013,PUB
18,C2,FE,1976,1451,PUB
18,C2,MA,1976,2992,PUB
18,C3,FE,1976,4740,PUB
18,C3,MA,1976,10161,PUB
19,C2,FE,1976,164,PUB
19,C2,MA,1976,372,PUB
19,C3,FE,1976,2033,PUB
19,C3,MA,1976,4415,PUB
20,C3,FE,1976,494,PUB
20,C3,MA,1976,1085,PUB
15,C1,FE,1977,9919,PUB
15,C1,MA,1977,17935,PUB
15,C2,FE,1977,6550,PUB
15,C2,MA,1977,12119,PUB
15,C3,FE,1977,3406,PUB
15,C3,MA,1977,6392,PUB
16,C1,FE,1977,7556,PUB
16,C1,MA,1977,14209,PUB
16,C2,FE,1977,7623,PUB
16,C2,MA,1977,13946,PUB
16,C3,FE,1977,5805,PUB
16,C3,MA,1977,11161,PUB
17,C1,FE,1977,1669,PUB
17,C1,MA,1977,3345,PUB
17,C2,FE,1977,5609,PUB
17,C2,MA,1977,10966,PUB
17,C3,FE,1977,6939,PUB
17,C3,MA,1977,13310,PUB
18,C2,FE,1977,1932,PUB
18,C2,MA,1977,3637,PUB
18,C3,FE,1977,5480,PUB
18,C3,MA,1977,11091,PUB
19,C2,FE,1977,220,PUB
19,C2,MA,1977,562,PUB
19,C3,FE,1977,2545,PUB
19,C3,MA,1977,5153,PUB
20,C3,FE,1977,498,PUB
20,C3,MA,1977,1064,PUB
15,C1,FE,1978,10500,PUB
15,C1,MA,1978,16587,PUB
15,C2,FE,1978,8481,PUB
15,C2,MA,1978,14816,PUB
15,C3,FE,1978,3987,PUB
15,C3,MA,1978,7206,PUB
16,C1,FE,1978,7872,PUB
16,C1,MA,1978,14631,PUB
16,C2,FE,1978,8904,PUB
16,C2,MA,1978,16324,PUB
16,C3,FE,1978,6680,PUB
16,C3,MA,1978,11969,PUB
17,C1,FE,1978,2238,PUB
17,C1,MA,1978,3968,PUB
17,C2,FE,1978,7836,PUB
17,C2,MA,1978,13432,PUB
17,C3,FE,1978,8068,PUB
17,C3,MA,1978,15031,PUB
18,C2,FE,1978,2041,PUB
18,C2,MA,1978,3872,PUB
18,C3,FE,1978,6778,PUB
18,C3,MA,1978,12760,PUB
19,C2,FE,1978,227,PUB
19,C2,MA,1978,490,PUB
19,C3,FE,1978,3217,PUB
19,C3,MA,1978,6043,PUB
20,C3,FE,1978,750,PUB
20,C3,MA,1978,1450,PUB
15,C1,FE,1979,11328,PUB
15,C1,MA,1979,19180,PUB
15,C2,FE,1979,9357,PUB
15,C2,MA,1979,15019,PUB
15,C3,FE,1979,5072,PUB
15,C3,MA,1979,8688,PUB
16,C1,FE,1979,8170,PUB
16,C1,MA,1979,14481,PUB
16,C2,FE,1979,9846,PUB
16,C2,MA,1979,17011,PUB
16,C3,FE,1979,8435,PUB
16,C3,MA,1979,14926,PUB
17,C1,FE,1979,2285,PUB
17,C1,MA,1979,3902,PUB
17,C2,FE,1979,7618,PUB
17,C2,MA,1979,13460,PUB
17,C3,FE,1979,9904,PUB
17,C3,MA,1979,17368,PUB
18,C2,FE,1979,2814,PUB
18,C2,MA,1979,4953,PUB
18,C3,FE,1979,8640,PUB
18,C3,MA,1979,15655,PUB
19,C2,FE,1979,326,PUB
19,C2,MA,1979,677,PUB
19,C3,FE,1979,3840,PUB
19,C3,MA,1979,6874,PUB
20,C3,FE,1979,1059,PUB
20,C3,MA,1979,2026,PUB
15,C1,FE,1980,12509,PUB
15,C1,MA,1980,20469,PUB
15,C2,FE,1980,9778,PUB
15,C2,MA,1980,17090,PUB
15,C3,FE,1980,6166,PUB
15,C3,MA,1980,9567,PUB
16,C1,FE,1980,9525,PUB
16,C1,MA,1980,16049,PUB
16,C2,FE,1980,10876,PUB
16,C2,MA,1980,17230,PUB
16,C3,FE,1980,9434,PUB
16,C3,MA,1980,15304,PUB
17,C1,FE,1980,1961,PUB
17,C1,MA,1980,3697,PUB
17,C2,FE,1980,8124,PUB
17,C2,MA,1980,14274,PUB
17,C3,FE,1980,10726,PUB
17,C3,MA,1980,18669,PUB
18,C1,FE,1980,396,PUB
18,C1,MA,1980,674,PUB
18,C2,FE,1980,3041,PUB
18,C2,MA,1980,4680,PUB
18,C3,FE,1980,9471,PUB
18,C3,MA,1980,16687,PUB
19,C2,FE,1980,488,PUB
19,C2,MA,1980,915,PUB
19,C3,FE,1980,5442,PUB
19,C3,MA,1980,9150,PUB
20,C3,FE,1980,1375,PUB
20,C3,MA,1980,2497,PUB
15,C1,FE,1981,13216,PUB
15,C1,MA,1981,21157,PUB
15,C2,FE,1981,11068,PUB
15,C2,MA,1981,16461,PUB
15,C3,FE,1981,7044,PUB
15,C3,MA,1981,10723,PUB
16,C1,FE,1981,10343,PUB
16,C1,MA,1981,17441,PUB
16,C2,FE,1981,11881,PUB
16,C2,MA,1981,19210,PUB
16,C3,FE,1981,10023,PUB
16,C3,MA,1981,16570,PUB
17,C1,FE,1981,2823,PUB
17,C1,MA,1981,4786,PUB
17,C2,FE,1981,9390,PUB
17,C2,MA,1981,15549,PUB
17,C3,FE,1981,11653,PUB
17,C3,MA,1981,19387,PUB
18,C1,FE,1981,305,PUB
18,C1,MA,1981,704,PUB
18,C2,FE,1981,3198,PUB
18,C2,MA,1981,5187,PUB
18,C3,FE,1981,9935,PUB
18,C3,MA,1981,16400,PUB
19,C2,FE,1981,643,PUB
19,C2,MA,1981,1006,PUB
19,C3,FE,1981,5193,PUB
19,C3,MA,1981,8326,PUB
20,C2,FE,1981,108,PUB
20,C2,MA,1981,219,PUB
20,C3,FE,1981,1613,PUB
20,C3,MA,1981,2379,PUB
21,C3,FE,1981,113,PUB
21,C3,MA,1981,269,PUB
15,C1,FE,1982,14126,PUB
15,C1,MA,1982,22697,PUB
15,C2,FE,1982,11360,PUB
15,C2,MA,1982,16545,PUB
15,C3,FE,1982,6401,PUB
15,C3,MA,1982,9103,PUB
16,C1,FE,1982,11266,PUB
16,C1,MA,1982,19632,PUB
16,C2,FE,1982,12300,PUB
16,C2,MA,1982,19045,PUB
16,C3,FE,1982,10285,PUB
16,C3,MA,1982,15328,PUB
17,C1,FE,1982,4876,PUB
17,C1,MA,1982,8219,PUB
17,C2,FE,1982,10615,PUB
17,C2,MA,1982,17325,PUB
17,C3,FE,1982,12053,PUB
17,C3,MA,1982,19589,PUB
18,C1,FE,1982,1366,PUB
18,C1,MA,1982,2280,PUB
18,C2,FE,1982,5356,PUB
18,C2,MA,1982,8513,PUB
18,C3,FE,1982,11534,PUB
18,C3,MA,1982,18700,PUB
19,C2,FE,1982,1434,PUB
19,C2,MA,1982,2120,PUB
19,C3,FE,1982,7081,PUB
19,C3,MA,1982,11063,PUB
20,C2,FE,1982,230,PUB
20,C2,MA,1982,444,PUB
20,C3,FE,1982,2608,PUB
20,C3,MA,1982,3887,PUB
21,C3,FE,1982,438,PUB
21,C3,MA,1982,855,PUB
15,C1,FE,1983,14441,PUB
15,C1,MA,1983,23522,PUB
15,C2,FE,1983,11621,PUB
15,C2,MA,1983,17730,PUB
15,C3,FE,1983,7075,PUB
15,C3,MA,1983,9308,PUB
16,C1,FE,1983,12551,PUB
16,C1,MA,1983,21302,PUB
16,C2,FE,1983,13205,PUB
16,C2,MA,1983,21205,PUB
16,C3,FE,1983,10998,PUB
16,C3,MA,1983,15975,PUB
17,C1,FE,1983,5513,PUB
17,C1,MA,1983,9822,PUB
17,C2,FE,1983,11383,PUB
17,C2,MA,1983,18983,PUB
17,C3,FE,1983,12918,PUB
17,C3,MA,1983,19645,PUB
18,C1,FE,1983,1455,PUB
18,C1,MA,1983,2668,PUB
18,C2,FE,1983,5956,PUB
18,C2,MA,1983,9562,PUB
18,C3,FE,1983,11950,PUB
18,C3,MA,1983,19439,PUB
19,C2,FE,1983,1883,PUB
19,C2,MA,1983,2694,PUB
19,C3,FE,1983,7613,PUB
19,C3,MA,1983,12647,PUB
20,C2,FE,1983,354,PUB
20,C2,MA,1983,706,PUB
20,C3,FE,1983,2879,PUB
20,C3,MA,1983,4714,PUB
21,C3,FE,1983,762,PUB
21,C3,MA,1983,1151,PUB
15,C1,FE,1984,16529,PUB
15,C1,MA,1984,26190,PUB
15,C2,FE,1984,13038,PUB
15,C2,MA,1984,20024,PUB
15,C3,FE,1984,8133,PUB
15,C3,MA,1984,11881,PUB
16,C1,FE,1984,12799,PUB
16,C1,MA,1984,21906,PUB
16,C2,FE,1984,14049,PUB
16,C2,MA,1984,22427,PUB
16,C3,FE,1984,11952,PUB
16,C3,MA,1984,18123,PUB
17,C1,FE,1984,4780,PUB
17,C1,MA,1984,8548,PUB
17,C2,FE,1984,12039,PUB
17,C2,MA,1984,20142,PUB
17,C3,FE,1984,14154,PUB
17,C3,MA,1984,22277,PUB
18,C1,FE,1984,1256,PUB
18,C1,MA,1984,2375,PUB
18,C2,FE,1984,5708,PUB
18,C2,MA,1984,8965,PUB
18,C3,FE,1984,12682,PUB
18,C3,MA,1984,20613,PUB
19,C2,FE,1984,1679,PUB
19,C2,MA,1984,2496,PUB
19,C3,FE,1984,7965,PUB
19,C3,MA,1984,11898,PUB
20,C2,FE,1984,297,PUB
20,C2,MA,1984,567,PUB
20,C3,FE,1984,2926,PUB
20,C3,MA,1984,4373,PUB
21,C3,FE,1984,493,PUB
21,C3,MA,1984,1067,PUB
15,C1,FE,1985,17111,PUB
15,C1,MA,1985,26528,PUB
15,C2,FE,1985,15307,PUB
15,C2,MA,1985,21982,PUB
15,C3,FE,1985,9567,PUB
15,C3,MA,1985,13067,PUB
16,C1,FE,1985,13221,PUB
16,C1,MA,1985,21825,PUB
16,C2,FE,1985,15505,PUB
16,C2,MA,1985,24576,PUB
16,C3,FE,1985,13636,PUB
16,C3,MA,1985,20650,PUB
17,C1,FE,1985,4876,PUB
17,C1,MA,1985,7437,PUB
17,C2,FE,1985,12247,PUB
17,C2,MA,1985,20565,PUB
17,C3,FE,1985,15558,PUB
17,C3,MA,1985,24826,PUB
18,C1,FE,1985,1146,PUB
18,C1,MA,1985,2144,PUB
18,C2,FE,1985,5766,PUB
18,C2,MA,1985,9011,PUB
18,C3,FE,1985,14623,PUB
18,C3,MA,1985,24113,PUB
19,C2,FE,1985,1581,PUB
19,C2,MA,1985,2372,PUB
19,C3,FE,1985,8834,PUB
19,C3,MA,1985,14012,PUB
20,C2,FE,1985,223,PUB
20,C2,MA,1985,448,PUB
20,C3,FE,1985,3140,PUB
20,C3,MA,1985,4901,PUB
21,C3,FE,1985,681,PUB
21,C3,MA,1985,1197,PUB
15,C1,FE,1986,18098,PUB
15,C1,MA,1986,29581,PUB
15,C2,FE,1986,15710,PUB
15,C2,MA,1986,22652,PUB
15,C3,FE,1986,10894,PUB
15,C3,MA,1986,14702,PUB
16,C1,FE,1986,14219,PUB
16,C1,MA,1986,23811,PUB
16,C2,FE,1986,16429,PUB
16,C2,MA,1986,25216,PUB
16,C3,FE,1986,16439,PUB
16,C3,MA,1986,23356,PUB
17,C1,FE,1986,4218,PUB
17,C1,MA,1986,6862,PUB
17,C2,FE,1986,12926,PUB
17,C2,MA,1986,21024,PUB
17,C3,FE,1986,17693,PUB
17,C3,MA,1986,27754,PUB
18,C1,FE,1986,713,PUB
18,C1,MA,1986,1492,PUB
18,C2,FE,1986,5706,PUB
18,C2,MA,1986,8633,PUB
18,C3,FE,1986,15235,PUB
18,C3,MA,1986,25378,PUB
19,C2,FE,1986,1311,PUB
19,C2,MA,1986,2013,PUB
19,C3,FE,1986,9150,PUB
19,C3,MA,1986,14967,PUB
20,C2,FE,1986,130,PUB
20,C2,MA,1986,388,PUB
20,C3,FE,1986,2863,PUB
20,C3,MA,1986,4705,PUB
21,C3,FE,1986,309,PUB
21,C3,MA,1986,775,PUB
15,C1,FE,1987,20014,PUB
15,C1,MA,1987,30783,PUB
15,C2,FE,1987,16378,PUB
15,C2,MA,1987,23807,PUB
15,C3,FE,1987,11644,PUB
15,C3,MA,1987,15573,PUB
16,C1,FE,1987,10550,PUB
16,C1,MA,1987,17728,PUB
16,C2,FE,1987,16845,PUB
16,C2,MA,1987,26953,PUB
16,C3,FE,1987,17194,PUB
16,C3,MA,1987,25172,PUB
17,C1,FE,1987,3915,PUB
17,C1,MA,1987,6160,PUB
17,C2,FE,1987,13008,PUB
17,C2,MA,1987,21957,PUB
17,C3,FE,1987,20752,PUB
17,C3,MA,1987,31038,PUB
18,C1,FE,1987,732,PUB
18,C1,MA,1987,1339,PUB
18,C2,FE,1987,4928,PUB
18,C2,MA,1987,7351,PUB
18,C3,FE,1987,18261,PUB
18,C3,MA,1987,28645,PUB
19,C2,FE,1987,1010,PUB
19,C2,MA,1987,1504,PUB
19,C3,FE,1987,11299,PUB
19,C3,MA,1987,17339,PUB
20,C2,FE,1987,136,PUB
20,C2,MA,1987,339,PUB
20,C3,FE,1987,4578,PUB
20,C3,MA,1987,6064,PUB
21,C3,FE,1987,899,PUB
21,C3,MA,1987,1171,PUB
15,C1,FE,1988,21387,PUB
15,C1,MA,1988,33664,PUB
15,C2,FE,1988,21632,PUB
15,C2,MA,1988,30323,PUB
15,C3,FE,1988,13884,PUB
15,C3,MA,1988,17626,PUB
16,C1,FE,1988,7764,PUB
16,C1,MA,1988,13829,PUB
16,C2,FE,1988,17789,PUB
16,C2,MA,1988,28082,PUB
16,C3,FE,1988,19165,PUB
16,C3,MA,1988,26556,PUB
17,C1,FE,1988,2237,PUB
17,C1,MA,1988,3773,PUB
17,C2,FE,1988,10261,PUB
17,C2,MA,1988,17309,PUB
17,C3,FE,1988,23043,PUB
17,C3,MA,1988,33999,PUB
18,C1,FE,1988,528,PUB
18,C1,MA,1988,850,PUB
18,C2,FE,1988,4466,PUB
18,C2,MA,1988,7284,PUB
18,C3,FE,1988,19293,PUB
18,C3,MA,1988,30088,PUB
19,C2,FE,1988,1049,PUB
19,C2,MA,1988,1588,PUB
19,C3,FE,1988,11352,PUB
19,C3,MA,1988,17121,PUB
20,C2,FE,1988,138,PUB
20,C2,MA,1988,302,PUB
20,C3,FE,1988,4336,PUB
20,C3,MA,1988,6112,PUB
21,C3,FE,1988,663,PUB
21,C3,MA,1988,1195,PUB
15,C1,FE,1989,19894,PUB
15,C1,MA,1989,32031,PUB
15,C2,FE,1989,23953,PUB
15,C2,MA,1989,33259,PUB
15,C3,FE,1989,18787,PUB
15,C3,MA,1989,22940,PUB
16,C1,FE,1989,7492,PUB
16,C1,MA,1989,14112,PUB
16,C2,FE,1989,20119,PUB
16,C2,MA,1989,29826,PUB
16,C3,FE,1989,25430,PUB
16,C3,MA,1989,34166,PUB
17,C1,FE,1989,1511,PUB
17,C1,MA,1989,3099,PUB
17,C2,FE,1989,8860,PUB
17,C2,MA,1989,14222,PUB
17,C3,FE,1989,23758,PUB
17,C3,MA,1989,34534,PUB
18,C1,FE,1989,283,PUB
18,C1,MA,1989,570,PUB
18,C2,FE,1989,3005,PUB
18,C2,MA,1989,4875,PUB
18,C3,FE,1989,17593,PUB
18,C3,MA,1989,27490,PUB
19,C2,FE,1989,841,PUB
19,C2,MA,1989,1220,PUB
19,C3,FE,1989,10172,PUB
19,C3,MA,1989,16443,PUB
20,C2,FE,1989,147,PUB
20,C2,MA,1989,302,PUB
20,C3,FE,1989,3100,PUB
20,C3,MA,1989,5152,PUB
21,C3,FE,1989,385,PUB
21,C3,MA,1989,844,PUB
15,C1,FE,1990,17621,PUB
15,C1,MA,1990,30093,PUB
15,C2,FE,1990,24182,PUB
15,C2,MA,1990,35349,PUB
15,C3,FE,1990,23504,PUB
15,C3,MA,1990,28290,PUB
16,C1,FE,1990,6550,PUB
16,C1,MA,1990,13130,PUB
16,C2,FE,1990,17897,PUB
16,C2,MA,1990,28215,PUB
16,C3,FE,1990,30039,PUB
16,C3,MA,1990,38933,PUB
17,C1,FE,1990,1320,PUB
17,C1,MA,1990,2842,PUB
17,C2,FE,1990,8021,PUB
17,C2,MA,1990,13904,PUB
17,C3,FE,1990,27924,PUB
17,C3,MA,1990,40980,PUB
18,C1,FE,1990,180,PUB
18,C1,MA,1990,469,PUB
18,C2,FE,1990,1979,PUB
18,C2,MA,1990,3467,PUB
18,C3,FE,1990,17341,PUB
18,C3,MA,1990,25299,PUB
19,C2,FE,1990,415,PUB
19,C2,MA,1990,625,PUB
19,C3,FE,1990,8699,PUB
19,C3,MA,1990,13503,PUB
20,C2,FE,1990,33,PUB
20,C2,MA,1990,159,PUB
20,C3,FE,1990,3495,PUB
20,C3,MA,1990,5354,PUB
21,C3,FE,1990,381,PUB
21,C3,MA,1990,796,PUB
15,C1,FE,1991,15835,PUB
15,C1,MA,1991,28284,PUB
15,C2,FE,1991,24149,PUB
15,C2,MA,1991,34518,PUB
15,C3,FE,1991,27751,PUB
15,C3,MA,1991,34155,PUB
16,C1,FE,1991,5789,PUB
16,C1,MA,1991,11168,PUB
16,C2,FE,1991,16467,PUB
16,C2,MA,1991,26555,PUB
16,C3,FE,1991,32774,PUB
16,C3,MA,1991,43696,PUB
17,C1,FE,1991,1210,PUB
17,C1,MA,1991,2597,PUB
17,C2,FE,1991,7095,PUB
17,C2,MA,1991,12568,PUB
17,C3,FE,1991,29862,PUB
17,C3,MA,1991,42083,PUB
18,C1,FE,1991,242,PUB
18,C1,MA,1991,564,PUB
18,C2,FE,1991,2103,PUB
18,C2,MA,1991,3524,PUB
18,C3,FE,1991,19313,PUB
18,C3,MA,1991,28779,PUB
19,C2,FE,1991,352,PUB
19,C2,MA,1991,589,PUB
19,C3,FE,1991,7359,PUB
19,C3,MA,1991,10784,PUB
20,C2,FE,1991,40,PUB
20,C2,MA,1991,141,PUB
20,C3,FE,1991,1978,PUB
20,C3,MA,1991,2909,PUB
21,C3,FE,1991,196,PUB
21,C3,MA,1991,371,PUB
15,C1,FE,1992,12484,PUB
15,C1,MA,1992,25117,PUB
15,C2,FE,1992,25012,PUB
15,C2,MA,1992,36941,PUB
15,C3,FE,1992,30777,PUB
15,C3,MA,1992,37428,PUB
16,C1,FE,1992,4181,PUB
16,C1,MA,1992,9737,PUB
16,C2,FE,1992,14513,PUB
16,C2,MA,1992,24517,PUB
16,C3,FE,1992,33871,PUB
16,C3,MA,1992,45047,PUB
17,C1,FE,1992,957,PUB
17,C1,MA,1992,2188,PUB
17,C2,FE,1992,5698,PUB
17,C2,MA,1992,10891,PUB
17,C3,FE,1992,28349,PUB
17,C3,MA,1992,41418,PUB
18,C1,FE,1992,131,PUB
18,C1,MA,1992,473,PUB
18,C2,FE,1992,1536,PUB
18,C2,MA,1992,2817,PUB
18,C3,FE,1992,17073,PUB
18,C3,MA,1992,26367,PUB
19,C2,FE,1992,216,PUB
19,C2,MA,1992,461,PUB
19,C3,FE,1992,6698,PUB
19,C3,MA,1992,10592,PUB
20,C2,FE,1992,22,PUB
20,C2,MA,1992,102,PUB
20,C3,FE,1992,1109,PUB
20,C3,MA,1992,1889,PUB
21,C3,FE,1992,179,PUB
21,C3,MA,1992,345,PUB
15,C1,FE,1993,14164,PUB
15,C1,MA,1993,29021,PUB
15,C2,FE,1993,24189,PUB
15,C2,MA,1993,36701,PUB
15,C3,FE,1993,33952,PUB
15,C3,MA,1993,42654,PUB
16,C1,FE,1993,3608,PUB
16,C1,MA,1993,9300,PUB
16,C2,FE,1993,11659,PUB
16,C2,MA,1993,21437,PUB
16,C3,FE,1993,35502,PUB
16,C3,MA,1993,47698,PUB
17,C1,FE,1993,664,PUB
17,C1,MA,1993,1961,PUB
17,C2,FE,1993,4552,PUB
17,C2,MA,1993,9201,PUB
17,C3,FE,1993,27190,PUB
17,C3,MA,1993,40201,PUB
18,C1,FE,1993,95,PUB
18,C1,MA,1993,411,PUB
18,C2,FE,1993,1237,PUB
18,C2,MA,1993,2528,PUB
18,C3,FE,1993,15981,PUB
18,C3,MA,1993,24716,PUB
19,C2,FE,1993,203,PUB
19,C2,MA,1993,476,PUB
19,C3,FE,1993,6215,PUB
19,C3,MA,1993,10210,PUB
20,C2,FE,1993,22,PUB
20,C2,MA,1993,172,PUB
20,C3,FE,1993,1259,PUB
20,C3,MA,1993,2174,PUB
21,C3,FE,1993,146,PUB
21,C3,MA,1993,331,PUB
15,C1,FE,1994,14451,PUB
15,C1,MA,1994,29812,PUB
15,C2,FE,1994,26614,PUB
15,C2,MA,1994,40619,PUB
15,C3,FE,1994,39021,PUB
15,C3,MA,1994,45144,PUB
16,C1,FE,1994,4736,PUB
16,C1,MA,1994,12037,PUB
16,C2,FE,1994,12968,PUB
16,C2,MA,1994,24492,PUB
16,C3,FE,1994,37056,PUB
16,C3,MA,1994,49695,PUB
17,C1,FE,1994,831,PUB
17,C1,MA,1994,2516,PUB
17,C2,FE,1994,4118,PUB
17,C2,MA,1994,8977,PUB
17,C3,FE,1994,25114,PUB
17,C3,MA,1994,37622,PUB
18,C1,FE,1994,101,PUB
18,C1,MA,1994,499,PUB
18,C2,FE,1994,981,PUB
18,C2,MA,1994,2399,PUB
18,C3,FE,1994,13324,PUB
18,C3,MA,1994,21583,PUB
19,C2,FE,1994,160,PUB
19,C2,MA,1994,414,PUB
19,C3,FE,1994,5010,PUB
19,C3,MA,1994,8279,PUB
20,C2,FE,1994,14,PUB
20,C2,MA,1994,135,PUB
20,C3,FE,1994,986,PUB
20,C3,MA,1994,1656,PUB
21,C3,FE,1994,150,PUB
21,C3,MA,1994,316,PUB
15,C1,FE,1995,13523,PUB
15,C1,MA,1995,28700,PUB
15,C2,FE,1995,24928,PUB
15,C2,MA,1995,39593,PUB
15,C3,FE,1995,40641,PUB
15,C3,MA,1995,48082,PUB
16,C1,FE,1995,4630,PUB
16,C1,MA,1995,11965,PUB
16,C2,FE,1995,12771,PUB
16,C2,MA,1995,24747,PUB
16,C3,FE,1995,38688,PUB
16,C3,MA,1995,52668,PUB
17,C1,FE,1995,915,PUB
17,C1,MA,1995,2635,PUB
17,C2,FE,1995,4514,PUB
17,C2,MA,1995,10424,PUB
17,C3,FE,1995,26704,PUB
17,C3,MA,1995,40825,PUB
18,C1,FE,1995,107,PUB
18,C1,MA,1995,489,PUB
18,C2,FE,1995,889,PUB
18,C2,MA,1995,2311,PUB
18,C3,FE,1995,11951,PUB
18,C3,MA,1995,19980,PUB
19,C2,FE,1995,123,PUB
19,C2,MA,1995,357,PUB
19,C3,FE,1995,3987,PUB
19,C3,MA,1995,6857,PUB
20,C2,FE,1995,15,PUB
20,C2,MA,1995,114,PUB
20,C3,FE,1995,736,PUB
20,C3,MA,1995,1410,PUB
21,C3,FE,1995,83,PUB
21,C3,MA,1995,234,PUB
15,C1,FE,1996,14489,PUB
15,C1,MA,1996,30472,PUB
15,C2,FE,1996,25974,PUB
15,C2,MA,1996,40723,PUB
15,C3,FE,1996,43761,PUB
15,C3,MA,1996,50817,PUB
16,C1,FE,1996,4703,PUB
16,C1,MA,1996,11908,PUB
16,C2,FE,1996,12547,PUB
16,C2,MA,1996,24319,PUB
16,C3,FE,1996,38753,PUB
16,C3,MA,1996,53430,PUB
17,C1,FE,1996,1058,PUB
17,C1,MA,1996,2939,PUB
17,C2,FE,1996,4865,PUB
17,C2,MA,1996,11078,PUB
17,C3,FE,1996,27020,PUB
17,C3,MA,1996,42008,PUB
18,C1,FE,1996,141,PUB
18,C1,MA,1996,610,PUB
18,C2,FE,1996,1302,PUB
18,C2,MA,1996,3149,PUB
18,C3,FE,1996,12239,PUB
18,C3,MA,1996,21558,PUB
19,C2,FE,1996,224,PUB
19,C2,MA,1996,522,PUB
19,C3,FE,1996,3188,PUB
19,C3,MA,1996,6100,PUB
20,C2,FE,1996,21,PUB
20,C2,MA,1996,122,PUB
20,C3,FE,1996,563,PUB
20,C3,MA,1996,1184,PUB
21,C3,FE,1996,75,PUB
21,C3,MA,1996,266,PUB
15,C1,FE,1997,13762,PUB
15,C1,MA,1997,28659,PUB
15,C2,FE,1997,26087,PUB
15,C2,MA,1997,40615,PUB
15,C3,FE,1997,44909,PUB
15,C3,MA,1997,51381,PUB
16,C1,FE,1997,4581,PUB
16,C1,MA,1997,11725,PUB
16,C2,FE,1997,12410,PUB
16,C2,MA,1997,24396,PUB
16,C3,FE,1997,39417,PUB
16,C3,MA,1997,54118,PUB
17,C1,FE,1997,912,PUB
17,C1,MA,1997,2702,PUB
17,C2,FE,1997,4362,PUB
17,C2,MA,1997,10046,PUB
17,C3,FE,1997,25106,PUB
17,C3,MA,1997,40049,PUB
18,C1,FE,1997,455,PUB
18,C1,MA,1997,985,PUB
18,C2,FE,1997,1209,PUB
18,C2,MA,1997,2959,PUB
18,C3,FE,1997,11937,PUB
18,C3,MA,1997,21693,PUB
19,C2,FE,1997,347,PUB
19,C2,MA,1997,641,PUB
19,C3,FE,1997,3686,PUB
19,C3,MA,1997,7570,PUB
20,C2,FE,1997,67,PUB
20,C2,MA,1997,211,PUB
20,C3,FE,1997,659,PUB
20,C3,MA,1997,1495,PUB
21,C3,FE,1997,87,PUB
21,C3,MA,1997,243,PUB
15,C1,FE,1998,13125,PUB
15,C1,MA,1998,27961,PUB
15,C2,FE,1998,25028,PUB
15,C2,MA,1998,38023,PUB
15,C3,FE,1998,45604,PUB
15,C3,MA,1998,51750,PUB
16,C1,FE,1998,4215,PUB
16,C1,MA,1998,11013,PUB
16,C2,FE,1998,11807,PUB
16,C2,MA,1998,22441,PUB
16,C3,FE,1998,36924,PUB
16,C3,MA,1998,50265,PUB
17,C1,FE,1998,889,PUB
17,C1,MA,1998,2537,PUB
17,C2,FE,1998,4311,PUB
17,C2,MA,1998,9609,PUB
17,C3,FE,1998,22319,PUB
17,C3,MA,1998,36292,PUB
18,C1,FE,1998,121,PUB
18,C1,MA,1998,572,PUB
18,C2,FE,1998,981,PUB
18,C2,MA,1998,2443,PUB
18,C3,FE,1998,9188,PUB
18,C3,MA,1998,17157,PUB
19,C2,FE,1998,157,PUB
19,C2,MA,1998,424,PUB
19,C3,FE,1998,2762,PUB
19,C3,MA,1998,5890,PUB
20,C2,FE,1998,16,PUB
20,C2,MA,1998,124,PUB
20,C3,FE,1998,499,PUB
20,C3,MA,1998,1222,PUB
21,C3,FE,1998,63,PUB
21,C3,MA,1998,256,PUB
15,C1,FE,1999,14441,PUB
15,C1,MA,1999,29441,PUB
15,C2,FE,1999,26013,PUB
15,C2,MA,1999,40236,PUB
15,C3,FE,1999,47945,PUB
15,C3,MA,1999,52052,PUB
16,C1,FE,1999,4638,PUB
16,C1,MA,1999,11342,PUB
16,C2,FE,1999,11520,PUB
16,C2,MA,1999,22032,PUB
16,C3,FE,1999,36289,PUB
16,C3,MA,1999,47795,PUB
17,C1,FE,1999,1007,PUB
17,C1,MA,1999,2767,PUB
17,C2,FE,1999,4009,PUB
17,C2,MA,1999,9266,PUB
17,C3,FE,1999,21864,PUB
17,C3,MA,1999,33974,PUB
18,C1,FE,1999,179,PUB
18,C1,MA,1999,710,PUB
18,C2,FE,1999,1215,PUB
18,C2,MA,1999,3124,PUB
18,C3,FE,1999,12249,PUB
18,C3,MA,1999,23151,PUB
15,C1,FE,2000,16117,PUB
15,C1,MA,2000,32640,PUB
15,C2,FE,2000,27760,PUB
15,C2,MA,2000,41476,PUB
15,C3,FE,2000,49862,PUB
15,C3,MA,2000,53586,PUB
16,C1,FE,2000,5642,PUB
16,C1,MA,2000,13788,PUB
16,C2,FE,2000,13020,PUB
16,C2,MA,2000,23831,PUB
16,C3,FE,2000,37485,PUB
16,C3,MA,2000,49295,PUB
17,C1,FE,2000,1191,PUB
17,C1,MA,2000,3399,PUB
17,C2,FE,2000,4199,PUB
17,C2,MA,2000,9188,PUB
17,C3,FE,2000,20457,PUB
17,C3,MA,2000,32157,PUB
18,C1,FE,2000,288,PUB
18,C1,MA,2000,986,PUB
18,C2,FE,2000,1222,PUB
18,C2,MA,2000,3189,PUB
18,C3,FE,2000,9180,PUB
18,C3,MA,2000,17872,PUB
15,C1,FE,2001,16079,PUB
15,C1,MA,2001,33185,PUB
15,C2,FE,2001,28440,PUB
15,C2,MA,2001,42734,PUB
15,C3,FE,2001,51178,PUB
15,C3,MA,2001,55579,PUB
16,C1,FE,2001,5549,PUB
16,C1,MA,2001,13752,PUB
16,C2,FE,2001,13259,PUB
16,C2,MA,2001,25073,PUB
16,C3,FE,2001,38392,PUB
16,C3,MA,2001,50517,PUB
17,C1,FE,2001,1497,PUB
17,C1,MA,2001,3785,PUB
17,C2,FE,2001,4677,PUB
17,C2,MA,2001,10477,PUB
17,C3,FE,2001,22087,PUB
17,C3,MA,2001,33866,PUB
18,C1,FE,2001,330,PUB
18,C1,MA,2001,1017,PUB
18,C2,FE,2001,1250,PUB
18,C2,MA,2001,3474,PUB
18,C3,FE,2001,10396,PUB
18,C3,MA,2001,19529,PUB
15,C1,FE,2002,16246,PUB
15,C1,MA,2002,33468,PUB
15,C2,FE,2002,29730,PUB
15,C2,MA,2002,45346,PUB
15,C3,FE,2002,54459,PUB
15,C3,MA,2002,58513,PUB
16,C1,FE,2002,5804,PUB
16,C1,MA,2002,14188,PUB
16,C2,FE,2002,14084,PUB
16,C2,MA,2002,26426,PUB
16,C3,FE,2002,40531,PUB
16,C3,MA,2002,53635,PUB
17,C1,FE,2002,1523,PUB
17,C1,MA,2002,3920,PUB
17,C2,FE,2002,5113,PUB
17,C2,MA,2002,11210,PUB
17,C3,FE,2002,23728,PUB
17,C3,MA,2002,36640,PUB
18,C1,FE,2002,431,PUB
18,C1,MA,2002,1155,PUB
18,C2,FE,2002,1704,PUB
18,C2,MA,2002,4131,PUB
18,C3,FE,2002,12186,PUB
18,C3,MA,2002,22189,PUB
15,C1,FE,2003,16464,PUB
15,C1,MA,2003,33814,PUB
15,C2,FE,2003,30575,PUB
15,C2,MA,2003,45314,PUB
15,C3,FE,2003,56586,PUB
15,C3,MA,2003,60216,PUB
16,C1,FE,2003,5989,PUB
16,C1,MA,2003,14378,PUB
16,C2,FE,2003,14297,PUB
16,C2,MA,2003,26669,PUB
16,C3,FE,2003,42284,PUB
16,C3,MA,2003,55548,PUB
17,C1,FE,2003,1579,PUB
17,C1,MA,2003,4133,PUB
17,C2,FE,2003,5203,PUB
17,C2,MA,2003,10944,PUB
17,C3,FE,2003,24580,PUB
17,C3,MA,2003,37194,PUB
18,C1,FE,2003,470,PUB
18,C1,MA,2003,1183,PUB
18,C2,FE,2003,1667,PUB
18,C2,MA,2003,3814,PUB
18,C3,FE,2003,11803,PUB
18,C3,MA,2003,21152,PUB
15,C1,FE,2004,16630,PUB
15,C1,MA,2004,33848,PUB
15,C2,FE,2004,29810,PUB
15,C2,MA,2004,44328,PUB
15,C3,FE,2004,58336,PUB
15,C3,MA,2004,61342,PUB
16,C1,FE,2004,6026,PUB
16,C1,MA,2004,14743,PUB
16,C2,FE,2004,14355,PUB
16,C2,MA,2004,26578,PUB
16,C3,FE,2004,43525,PUB
16,C3,MA,2004,56653,PUB
17,C1,FE,2004,1447,PUB
17,C1,MA,2004,3930,PUB
17,C2,FE,2004,5308,PUB
17,C2,MA,2004,11307,PUB
17,C3,FE,2004,25244,PUB
17,C3,MA,2004,37816,PUB
18,C1,FE,2004,469,PUB
18,C1,MA,2004,1250,PUB
18,C2,FE,2004,1685,PUB
18,C2,MA,2004,3866,PUB
18,C3,FE,2004,12219,PUB
18,C3,MA,2004,21323,PUB
15,C1,FE,2005,17713,PUB
15,C1,MA,2005,35654,PUB
15,C2,FE,2005,31018,PUB
15,C2,MA,2005,45251,PUB
15,C3,FE,2005,60238,PUB
15,C3,MA,2005,62367,PUB
16,C1,FE,2005,6362,PUB
16,C1,MA,2005,16018,PUB
16,C2,FE,2005,14224,PUB
16,C2,MA,2005,26363,PUB
16,C3,FE,2005,42858,PUB
16,C3,MA,2005,55672,PUB
17,C1,FE,2005,1743,PUB
17,C1,MA,2005,4510,PUB
17,C2,FE,2005,5308,PUB
17,C2,MA,2005,11307,PUB
17,C3,FE,2005,25194,PUB
17,C3,MA,2005,38162,PUB
18,C1,FE,2005,513,PUB
18,C1,MA,2005,1306,PUB
18,C2,FE,2005,1706,PUB
18,C2,MA,2005,3961,PUB
18,C3,FE,2005,12152,PUB
18,C3,MA,2005,21749,PUB
15,C1,FE,2006,17599,PUB
15,C1,MA,2006,37152,PUB
15,C2,FE,2006,32482,PUB
15,C2,MA,2006,48209,PUB
15,C3,FE,2006,65180,PUB
15,C3,MA,2006,66097,PUB
16,C1,FE,2006,6433,PUB
16,C1,MA,2006,16586,PUB
16,C2,FE,2006,15104,PUB
16,C2,MA,2006,28503,PUB
16,C3,FE,2006,44165,PUB
16,C3,MA,2006,57624,PUB
17,C1,FE,2006,1770,PUB
17,C1,MA,2006,4855,PUB
17,C2,FE,2006,5624,PUB
17,C2,MA,2006,11992,PUB
17,C3,FE,2006,24701,PUB
17,C3,MA,2006,37971,PUB
18,C1,FE,2006,547,PUB
18,C1,MA,2006,1480,PUB
18,C2,FE,2006,1954,PUB
18,C2,MA,2006,4501,PUB
18,C3,FE,2006,12260,PUB
18,C3,MA,2006,21995,PUB
15,C1,FE,2007,16919,PUB
15,C1,MA,2007,37215,PUB
15,C2,FE,2007,32227,PUB
15,C2,MA,2007,47744,PUB
15,C3,FE,2007,64257,PUB
15,C3,MA,2007,66001,PUB
16,C1,FE,2007,6530,PUB
16,C1,MA,2007,17401,PUB
16,C2,FE,2007,15804,PUB
16,C2,MA,2007,30564,PUB
16,C3,FE,2007,46048,PUB
16,C3,MA,2007,61433,PUB
17,C1,FE,2007,1866,PUB
17,C1,MA,2007,5245,PUB
17,C2,FE,2007,5890,PUB
17,C2,MA,2007,13436,PUB
17,C3,FE,2007,26412,PUB
17,C3,MA,2007,41626,PUB
18,C1,FE,2007,567,PUB
18,C1,MA,2007,1822,PUB
18,C2,FE,2007,2259,PUB
18,C2,MA,2007,5351,PUB
15,C1,FE,2008,14794,PUB
15,C1,MA,2008,34791,PUB
15,C2,FE,2008,30885,PUB
15,C2,MA,2008,47318,PUB
15,C3,FE,2008,64981,PUB
15,C3,MA,2008,68008,PUB
16,C1,FE,2008,5506,PUB
16,C1,MA,2008,16016,PUB
16,C2,FE,2008,14556,PUB
16,C2,MA,2008,29062,PUB
16,C3,FE,2008,45089,PUB
16,C3,MA,2008,60630,PUB
17,C1,FE,2008,1762,PUB
17,C1,MA,2008,5101,PUB
17,C2,FE,2008,5522,PUB
17,C2,MA,2008,13162,PUB
17,C3,FE,2008,26227,PUB
17,C3,MA,2008,42206,PUB
18,C1,FE,2008,542,PUB
18,C1,MA,2008,1638,PUB
18,C2,FE,2008,2078,PUB
18,C2,MA,2008,5021,PUB
15,C1,FE,2009,15309,PUB
15,C1,MA,2009,35111,PUB
15,C2,FE,2009,31569,PUB
15,C2,MA,2009,49198,PUB
15,C3,FE,2009,67333,PUB
15,C3,MA,2009,69886,PUB
16,C1,FE,2009,5736,PUB
16,C1,MA,2009,16746,PUB
16,C2,FE,2009,15290,PUB
16,C2,MA,2009,31122,PUB
16,C3,FE,2009,47024,PUB
16,C3,MA,2009,63316,PUB
17,C1,FE,2009,1764,PUB
17,C1,MA,2009,5752,PUB
17,C2,FE,2009,6251,PUB
17,C2,MA,2009,15597,PUB
17,C3,FE,2009,27418,PUB
17,C3,MA,2009,46309,PUB
18,C1,FE,2009,711,PUB
18,C1,MA,2009,2196,PUB
18,C2,FE,2009,2673,PUB
18,C2,MA,2009,7561,PUB
15,C1,FE,2010,10283,PUB
15,C1,MA,2010,27303,PUB
15,C3,FE,2010,60739,PUB
15,C3,MA,2010,71101,PUB
16,C1,FE,2010,3377,PUB
16,C1,MA,2010,11554,PUB
16,C2,FE,2010,10574,PUB
16,C2,MA,2010,24562,PUB
16,C3,FE,2010,40922,PUB
16,C3,MA,2010,61545,PUB
17,C1,FE,2010,964,PUB
17,C1,MA,2010,3533,PUB
17,C2,FE,2010,3680,PUB
17,C2,MA,2010,10585,PUB
17,C3,FE,2010,22537,PUB
17,C3,MA,2010,41215,PUB
18,C1,FE,2010,354,PUB
18,C1,MA,2010,1266,PUB
18,C2,FE,2010,1467,PUB
18,C2,MA,2010,4484,PUB
18,C3,FE,2010,12912,PUB
18,C3,MA,2010,27656,PUB
15,C1,FE,2011,9463,PUB
15,C1,MA,2011,26827,PUB
15,C2,FE,2011,21423,PUB
15,C2,MA,2011,40523,PUB
15,C3,FE,2011,60123,PUB
15,C3,MA,2011,73245,PUB
16,C1,FE,2011,3117,PUB
16,C1,MA,2011,11093,PUB
16,C2,FE,2011,8899,PUB
16,C2,MA,2011,22642,PUB
16,C3,FE,2011,39270,PUB
16,C3,MA,2011,62781,PUB
17,C1,FE,2011,899,PUB
17,C1,MA,2011,3360,PUB
17,C2,FE,2011,3015,PUB
17,C2,MA,2011,9519,PUB
17,C3,FE,2011,20326,PUB
17,C3,MA,2011,40039,PUB
15,C1,FE,2012,9153,PUB
15,C1,MA,2012,26218,PUB
15,C2,FE,2012,20786,PUB
15,C2,MA,2012,39503,PUB
15,C3,FE,2012,57814,PUB
15,C3,MA,2012,71791,PUB
16,C1,FE,2012,3255,PUB
16,C1,MA,2012,11665,PUB
16,C2,FE,2012,8712,PUB
16,C2,MA,2012,22919,PUB
16,C3,FE,2012,37696,PUB
16,C3,MA,2012,62061,PUB
17,C1,FE,2012,924,PUB
17,C1,MA,2012,3547,PUB
17,C2,FE,2012,2779,PUB
17,C2,MA,2012,9354,PUB
17,C3,FE,2012,18844,PUB
17,C3,MA,2012,39248,PUB
15,C1,FE,2013,10071,PUB
15,C1,MA,2013,28102,PUB
15,C2,FE,2013,22511,PUB
15,C2,MA,2013,43059,PUB
15,C3,FE,2013,61028,PUB
15,C3,MA,2013,76574,PUB
16,C1,FE,2013,3110,PUB
16,C1,MA,2013,11449,PUB
16,C2,FE,2013,8479,PUB
16,C2,MA,2013,22310,PUB
16,C3,FE,2013,35298,PUB
16,C3,MA,2013,60279,PUB
17,C1,FE,2013,956,PUB
17,C1,MA,2013,3745,PUB
17,C2,FE,2013,2917,PUB
17,C2,MA,2013,9699,PUB
17,C3,FE,2013,17651,PUB
17,C3,MA,2013,38106,PUB
15,C1,FE,2015,13881,PUB
15,C1,MA,2015,35735,PUB
15,C2,FE,2015,30870,PUB
15,C2,MA,2015,50069,PUB
15,C3,FE,2015,88994,PUB
15,C3,MA,2015,87444,PUB
16,C1,FE,2015,4849,PUB
16,C1,MA,2015,16172,PUB
16,C2,FE,2015,12171,PUB
16,C2,MA,2015,29266,PUB
16,C3,FE,2015,46654,PUB
16,C3,MA,2015,69278,PUB
17,C1,FE,2015,1539,PUB
17,C1,MA,2015,5924,PUB
17,C2,FE,2015,4330,PUB
17,C2,MA,2015,14300,PUB
17,C3,FE,2015,24766,PUB
17,C3,MA,2015,50462,PUB
15,C1,FE,2016,12054,PUB
15,C1,MA,2016,33377,PUB
15,C2,FE,2016,27917,PUB
15,C2,MA,2016,47629,PUB
15,C3,FE,2016,80002,PUB
15,C3,MA,2016,81421,PUB
16,C1,FE,2016,4501,PUB
16,C1,MA,2016,15692,PUB
16,C2,FE,2016,11921,PUB
16,C2,MA,2016,29065,PUB
16,C3,FE,2016,46356,PUB
16,C3,MA,2016,67921,PUB
17,C1,FE,2016,1311,PUB
17,C1,MA,2016,5348,PUB
17,C2,FE,2016,4109,PUB
17,C2,MA,2016,12733,PUB
17,C3,FE,2016,21540,PUB
17,C3,MA,2016,43545,PUB
15,C1,FE,2017,13489,PUB
15,C1,MA,2017,37383,PUB
15,C2,FE,2017,27674,PUB
15,C2,MA,2017,47752,PUB
15,C3,FE,2017,78999,PUB
15,C3,MA,2017,77092,PUB
16,C1,FE,2017,5019,PUB
16,C1,MA,2017,17880,PUB
16,C2,FE,2017,11987,PUB
16,C2,MA,2017,29719,PUB
16,C3,FE,2017,45114,PUB
16,C3,MA,2017,63954,PUB
17,C1,FE,2017,1561,PUB
17,C1,MA,2017,6463,PUB
17,C2,FE,2017,4404,PUB
17,C2,MA,2017,14027,PUB
17,C3,FE,2017,22318,PUB
17,C3,MA,2017,41603,PUB
15,C1,FE,2018,13940,PUB
15,C1,MA,2018,39077,PUB
15,C2,FE,2018,27963,PUB
15,C2,MA,2018,46469,PUB
15,C3,FE,2018,77753,PUB
15,C3,MA,2018,73911,PUB
16,C1,FE,2018,5125,PUB
16,C1,MA,2018,18246,PUB
16,C2,FE,2018,11953,PUB
16,C2,MA,2018,28412,PUB
16,C3,FE,2018,44475,PUB
16,C3,MA,2018,59972,PUB
17,C1,FE,2018,1569,PUB
17,C1,MA,2018,6265,PUB
17,C2,FE,2018,4252,PUB
17,C2,MA,2018,12975,PUB
17,C3,FE,2018,20963,PUB
17,C3,MA,2018,37794,PUB
15,C1,FE,2019,15912,PUB
15,C1,MA,2019,43434,PUB
15,C2,FE,2019,29399,PUB
15,C2,MA,2019,47924,PUB
15,C3,FE,2019,74920,PUB
15,C3,MA,2019,70186,PUB
16,C1,FE,2019,5752,PUB
16,C1,MA,2019,19588,PUB
16,C2,FE,2019,12790,PUB
16,C2,MA,2019,28335,PUB
16,C3,FE,2019,41868,PUB
16,C3,MA,2019,54671,PUB
17,C1,FE,2019,1777,PUB
17,C1,MA,2019,6658,PUB
17,C2,FE,2019,4369,PUB
17,C2,MA,2019,12760,PUB
17,C3,FE,2019,19667,PUB
17,C3,MA,2019,33728,PUB
15,L1,FE,1976,645,PUB
15,L1,MA,1976,1404,PUB
15,L2,FE,1976,114,PUB
15,L2,MA,1976,196,PUB
16,L1,FE,1976,1988,PUB
16,L1,MA,1976,4344,PUB
16,L2,FE,1976,654,PUB
16,L2,MA,1976,1138,PUB
16,L3,FE,1976,99,PUB
16,L3,MA,1976,226,PUB
17,L1,FE,1976,3069,PUB
17,L1,MA,1976,6329,PUB
17,L2,FE,1976,1478,PUB
17,L2,MA,1976,3207,PUB
17,L3,FE,1976,501,PUB
17,L3,MA,1976,1087,PUB
18,L1,FE,1976,3049,PUB
18,L1,MA,1976,6885,PUB
18,L2,FE,1976,1994,PUB
18,L2,MA,1976,4750,PUB
18,L3,FE,1976,1258,PUB
18,L3,MA,1976,2716,PUB
19,L1,FE,1976,2064,PUB
19,L1,MA,1976,4840,PUB
19,L2,FE,1976,1828,PUB
19,L2,MA,1976,4968,PUB
19,L3,FE,1976,1753,PUB
19,L3,MA,1976,4764,PUB
20,L1,FE,1976,855,PUB
20,L1,MA,1976,2299,PUB
20,L2,FE,1976,1185,PUB
20,L2,MA,1976,3713,PUB
20,L3,FE,1976,1904,PUB
20,L3,MA,1976,5371,PUB
21,L1,FE,1976,258,PUB
21,L1,MA,1976,757,PUB
21,L2,FE,1976,552,PUB
21,L2,MA,1976,1883,PUB
21,L3,FE,1976,1552,PUB
21,L3,MA,1976,4480,PUB
22,L2,FE,1976,207,PUB
22,L2,MA,1976,717,PUB
22,L3,FE,1976,768,PUB
22,L3,MA,1976,3119,PUB
23,L3,FE,1976,261,PUB
23,L3,MA,1976,1251,PUB
15,L1,FE,1977,792,PUB
15,L1,MA,1977,1677,PUB
15,L2,FE,1977,167,PUB
15,L2,MA,1977,357,PUB
16,L1,FE,1977,2841,PUB
16,L1,MA,1977,4540,PUB
16,L2,FE,1977,685,PUB
16,L2,MA,1977,1355,PUB
16,L3,FE,1977,126,PUB
16,L3,MA,1977,211,PUB
17,L1,FE,1977,3455,PUB
17,L1,MA,1977,7366,PUB
17,L2,FE,1977,1735,PUB
17,L2,MA,1977,3647,PUB
17,L3,FE,1977,655,PUB
17,L3,MA,1977,1274,PUB
18,L1,FE,1977,3838,PUB
18,L1,MA,1977,8651,PUB
18,L2,FE,1977,2373,PUB
18,L2,MA,1977,5181,PUB
18,L3,FE,1977,1569,PUB
18,L3,MA,1977,3273,PUB
19,L1,FE,1977,2692,PUB
19,L1,MA,1977,6832,PUB
19,L2,FE,1977,2299,PUB
19,L2,MA,1977,5404,PUB
19,L3,FE,1977,2265,PUB
19,L3,MA,1977,5324,PUB
20,L1,FE,1977,1140,PUB
20,L1,MA,1977,3156,PUB
20,L2,FE,1977,1447,PUB
20,L2,MA,1977,3717,PUB
20,L3,FE,1977,2264,PUB
20,L3,MA,1977,6043,PUB
21,L1,FE,1977,348,PUB
21,L1,MA,1977,1069,PUB
21,L2,FE,1977,600,PUB
21,L2,MA,1977,1635,PUB
21,L3,FE,1977,1608,PUB
21,L3,MA,1977,4804,PUB
22,L2,FE,1977,196,PUB
22,L2,MA,1977,677,PUB
22,L3,FE,1977,905,PUB
22,L3,MA,1977,3021,PUB
23,L3,FE,1977,361,PUB
23,L3,MA,1977,1116,PUB
15,L1,FE,1978,904,PUB
15,L1,MA,1978,1905,PUB
15,L2,FE,1978,121,PUB
15,L2,MA,1978,410,PUB
16,L1,FE,1978,2613,PUB
16,L1,MA,1978,5071,PUB
16,L2,FE,1978,656,PUB
16,L2,MA,1978,1560,PUB
16,L3,FE,1978,88,PUB
16,L3,MA,1978,278,PUB
17,L1,FE,1978,4085,PUB
17,L1,MA,1978,8274,PUB
17,L2,FE,1978,1846,PUB
17,L2,MA,1978,4121,PUB
17,L3,FE,1978,598,PUB
17,L3,MA,1978,1241,PUB
18,L1,FE,1978,4633,PUB
18,L1,MA,1978,9102,PUB
18,L2,FE,1978,2843,PUB
18,L2,MA,1978,6117,PUB
18,L3,FE,1978,1781,PUB
18,L3,MA,1978,3611,PUB
19,L1,FE,1978,3380,PUB
19,L1,MA,1978,7612,PUB
19,L2,FE,1978,2750,PUB
19,L2,MA,1978,6464,PUB
19,L3,FE,1978,2691,PUB
19,L3,MA,1978,5652,PUB
20,L1,FE,1978,1679,PUB
20,L1,MA,1978,3767,PUB
20,L2,FE,1978,2021,PUB
20,L2,MA,1978,4797,PUB
20,L3,FE,1978,2852,PUB
20,L3,MA,1978,6547,PUB
21,L1,FE,1978,489,PUB
21,L1,MA,1978,1230,PUB
21,L2,FE,1978,923,PUB
21,L2,MA,1978,2225,PUB
21,L3,FE,1978,1920,PUB
21,L3,MA,1978,5288,PUB
22,L2,FE,1978,285,PUB
22,L2,MA,1978,768,PUB
22,L3,FE,1978,961,PUB
22,L3,MA,1978,2961,PUB
23,L3,FE,1978,330,PUB
23,L3,MA,1978,1158,PUB
15,L1,FE,1979,1112,PUB
15,L1,MA,1979,2069,PUB
15,L2,FE,1979,132,PUB
15,L2,MA,1979,292,PUB
16,L1,FE,1979,3091,PUB
16,L1,MA,1979,5354,PUB
16,L2,FE,1979,736,PUB
16,L2,MA,1979,1570,PUB
16,L3,FE,1979,101,PUB
16,L3,MA,1979,250,PUB
17,L1,FE,1979,4872,PUB
17,L1,MA,1979,8715,PUB
17,L2,FE,1979,2167,PUB
17,L2,MA,1979,4148,PUB
17,L3,FE,1979,709,PUB
17,L3,MA,1979,1264,PUB
18,L1,FE,1979,5201,PUB
18,L1,MA,1979,10742,PUB
18,L2,FE,1979,3277,PUB
18,L2,MA,1979,6733,PUB
18,L3,FE,1979,1820,PUB
18,L3,MA,1979,3813,PUB
19,L1,FE,1979,4539,PUB
19,L1,MA,1979,8890,PUB
19,L2,FE,1979,3373,PUB
19,L2,MA,1979,7194,PUB
19,L3,FE,1979,3052,PUB
19,L3,MA,1979,6491,PUB
20,L1,FE,1979,2262,PUB
20,L1,MA,1979,4850,PUB
20,L2,FE,1979,2430,PUB
20,L2,MA,1979,5672,PUB
20,L3,FE,1979,3324,PUB
20,L3,MA,1979,7927,PUB
21,L1,FE,1979,663,PUB
21,L1,MA,1979,1738,PUB
21,L2,FE,1979,1048,PUB
21,L2,MA,1979,2898,PUB
21,L3,FE,1979,2593,PUB
21,L3,MA,1979,6527,PUB
22,L2,FE,1979,336,PUB
22,L2,MA,1979,990,PUB
22,L3,FE,1979,1301,PUB
22,L3,MA,1979,3575,PUB
23,L3,FE,1979,472,PUB
23,L3,MA,1979,1300,PUB
15,L1,FE,1980,1488,PUB
15,L1,MA,1980,2248,PUB
15,L2,FE,1980,176,PUB
15,L2,MA,1980,362,PUB
16,L1,FE,1980,3847,PUB
16,L1,MA,1980,6555,PUB
16,L2,FE,1980,950,PUB
16,L2,MA,1980,1779,PUB
16,L3,FE,1980,130,PUB
16,L3,MA,1980,275,PUB
17,L1,FE,1980,5978,PUB
17,L1,MA,1980,10226,PUB
17,L2,FE,1980,2696,PUB
17,L2,MA,1980,4803,PUB
17,L3,FE,1980,788,PUB
17,L3,MA,1980,1489,PUB
18,L1,FE,1980,6316,PUB
18,L1,MA,1980,12132,PUB
18,L2,FE,1980,3997,PUB
18,L2,MA,1980,7203,PUB
18,L3,FE,1980,2202,PUB
18,L3,MA,1980,4233,PUB
19,L1,FE,1980,5274,PUB
19,L1,MA,1980,11058,PUB
19,L2,FE,1980,4248,PUB
19,L2,MA,1980,8544,PUB
19,L3,FE,1980,3560,PUB
19,L3,MA,1980,7310,PUB
20,L1,FE,1980,2850,PUB
20,L1,MA,1980,5778,PUB
20,L2,FE,1980,3351,PUB
20,L2,MA,1980,6885,PUB
20,L3,FE,1980,3957,PUB
20,L3,MA,1980,8640,PUB
21,L1,FE,1980,991,PUB
21,L1,MA,1980,2491,PUB
21,L2,FE,1980,1627,PUB
21,L2,MA,1980,3554,PUB
21,L3,FE,1980,3263,PUB
21,L3,MA,1980,7864,PUB
22,L2,FE,1980,566,PUB
22,L2,MA,1980,1299,PUB
22,L3,FE,1980,1770,PUB
22,L3,MA,1980,4736,PUB
23,L3,FE,1980,579,PUB
23,L3,MA,1980,1750,PUB
15,L1,FE,1981,1676,PUB
15,L1,MA,1981,2586,PUB
15,L2,FE,1981,206,PUB
15,L2,MA,1981,414,PUB
16,L1,FE,1981,4866,PUB
16,L1,MA,1981,7211,PUB
16,L2,FE,1981,1255,PUB
16,L2,MA,1981,2002,PUB
16,L3,FE,1981,184,PUB
16,L3,MA,1981,280,PUB
17,L1,FE,1981,6622,PUB
17,L1,MA,1981,10963,PUB
17,L2,FE,1981,3377,PUB
17,L2,MA,1981,5650,PUB
17,L3,FE,1981,923,PUB
17,L3,MA,1981,1649,PUB
18,L1,FE,1981,7003,PUB
18,L1,MA,1981,13073,PUB
18,L2,FE,1981,5035,PUB
18,L2,MA,1981,8496,PUB
18,L3,FE,1981,2749,PUB
18,L3,MA,1981,4808,PUB
19,L1,FE,1981,6173,PUB
19,L1,MA,1981,11772,PUB
19,L2,FE,1981,5153,PUB
19,L2,MA,1981,9742,PUB
19,L3,FE,1981,4453,PUB
19,L3,MA,1981,7935,PUB
20,L1,FE,1981,3886,PUB
20,L1,MA,1981,7779,PUB
20,L2,FE,1981,4151,PUB
20,L2,MA,1981,8398,PUB
20,L3,FE,1981,5140,PUB
20,L3,MA,1981,10249,PUB
21,L1,FE,1981,1205,PUB
21,L1,MA,1981,2590,PUB
21,L2,FE,1981,2307,PUB
21,L2,MA,1981,4531,PUB
21,L3,FE,1981,4602,PUB
21,L3,MA,1981,9463,PUB
22,L1,FE,1981,254,PUB
22,L1,MA,1981,638,PUB
22,L2,FE,1981,812,PUB
22,L2,MA,1981,1721,PUB
22,L3,FE,1981,2646,PUB
22,L3,MA,1981,6165,PUB
23,L2,FE,1981,140,PUB
23,L2,MA,1981,402,PUB
23,L3,FE,1981,955,PUB
23,L3,MA,1981,2537,PUB
15,L1,FE,1982,1818,PUB
15,L1,MA,1982,2704,PUB
15,L2,FE,1982,253,PUB
15,L2,MA,1982,364,PUB
16,L1,FE,1982,4887,PUB
16,L1,MA,1982,7124,PUB
16,L2,FE,1982,1368,PUB
16,L2,MA,1982,2043,PUB
16,L3,FE,1982,198,PUB
16,L3,MA,1982,324,PUB
17,L1,FE,1982,6772,PUB
17,L1,MA,1982,11157,PUB
17,L2,FE,1982,3833,PUB
17,L2,MA,1982,5602,PUB
17,L3,FE,1982,1208,PUB
17,L3,MA,1982,1692,PUB
18,L1,FE,1982,7590,PUB
18,L1,MA,1982,13178,PUB
18,L2,FE,1982,5267,PUB
18,L2,MA,1982,8534,PUB
18,L3,FE,1982,3181,PUB
18,L3,MA,1982,5159,PUB
19,L1,FE,1982,6556,PUB
19,L1,MA,1982,12105,PUB
19,L2,FE,1982,5698,PUB
19,L2,MA,1982,10155,PUB
19,L3,FE,1982,5359,PUB
19,L3,MA,1982,8839,PUB
20,L1,FE,1982,4358,PUB
20,L1,MA,1982,8291,PUB
20,L2,FE,1982,4974,PUB
20,L2,MA,1982,9158,PUB
20,L3,FE,1982,6183,PUB
20,L3,MA,1982,11156,PUB
21,L1,FE,1982,2011,PUB
21,L1,MA,1982,3858,PUB
21,L2,FE,1982,3272,PUB
21,L2,MA,1982,6323,PUB
21,L3,FE,1982,5777,PUB
21,L3,MA,1982,11401,PUB
22,L1,FE,1982,568,PUB
22,L1,MA,1982,1214,PUB
22,L2,FE,1982,1316,PUB
22,L2,MA,1982,2735,PUB
22,L3,FE,1982,3875,PUB
22,L3,MA,1982,8054,PUB
23,L2,FE,1982,408,PUB
23,L2,MA,1982,952,PUB
23,L3,FE,1982,1796,PUB
23,L3,MA,1982,3890,PUB
15,L1,FE,1983,1925,PUB
15,L1,MA,1983,2571,PUB
15,L2,FE,1983,311,PUB
15,L2,MA,1983,514,PUB
16,L1,FE,1983,5580,PUB
16,L1,MA,1983,7149,PUB
16,L2,FE,1983,1602,PUB
16,L2,MA,1983,2344,PUB
16,L3,FE,1983,230,PUB
16,L3,MA,1983,401,PUB
17,L1,FE,1983,7842,PUB
17,L1,MA,1983,11546,PUB
17,L2,FE,1983,4240,PUB
17,L2,MA,1983,6133,PUB
17,L3,FE,1983,1318,PUB
17,L3,MA,1983,1998,PUB
18,L1,FE,1983,8206,PUB
18,L1,MA,1983,14371,PUB
18,L2,FE,1983,5914,PUB
18,L2,MA,1983,9367,PUB
18,L3,FE,1983,4117,PUB
18,L3,MA,1983,5813,PUB
19,L1,FE,1983,7345,PUB
19,L1,MA,1983,13543,PUB
19,L2,FE,1983,6312,PUB
19,L2,MA,1983,10507,PUB
19,L3,FE,1983,6266,PUB
19,L3,MA,1983,9758,PUB
20,L1,FE,1983,4754,PUB
20,L1,MA,1983,9353,PUB
20,L2,FE,1983,5158,PUB
20,L2,MA,1983,9453,PUB
20,L3,FE,1983,7458,PUB
20,L3,MA,1983,12508,PUB
21,L1,FE,1983,2040,PUB
21,L1,MA,1983,4198,PUB
21,L2,FE,1983,3516,PUB
21,L2,MA,1983,6669,PUB
21,L3,FE,1983,7094,PUB
21,L3,MA,1983,12690,PUB
22,L1,FE,1983,604,PUB
22,L1,MA,1983,1567,PUB
22,L2,FE,1983,1800,PUB
22,L2,MA,1983,3219,PUB
22,L3,FE,1983,5124,PUB
22,L3,MA,1983,9725,PUB
23,L2,FE,1983,560,PUB
23,L2,MA,1983,1180,PUB
23,L3,FE,1983,2503,PUB
23,L3,MA,1983,5194,PUB
15,L1,FE,1984,2401,PUB
15,L1,MA,1984,2948,PUB
15,L2,FE,1984,338,PUB
15,L2,MA,1984,536,PUB
16,L1,FE,1984,5935,PUB
16,L1,MA,1984,7839,PUB
16,L2,FE,1984,1785,PUB
16,L2,MA,1984,2289,PUB
16,L3,FE,1984,282,PUB
16,L3,MA,1984,469,PUB
17,L1,FE,1984,8634,PUB
17,L1,MA,1984,12865,PUB
17,L2,FE,1984,4889,PUB
17,L2,MA,1984,6530,PUB
17,L3,FE,1984,1532,PUB
17,L3,MA,1984,2230,PUB
18,L1,FE,1984,9044,PUB
18,L1,MA,1984,15301,PUB
18,L2,FE,1984,6627,PUB
18,L2,MA,1984,10154,PUB
18,L3,FE,1984,4597,PUB
18,L3,MA,1984,6455,PUB
19,L1,FE,1984,7888,PUB
19,L1,MA,1984,14768,PUB
19,L2,FE,1984,6845,PUB
19,L2,MA,1984,11540,PUB
19,L3,FE,1984,6878,PUB
19,L3,MA,1984,10636,PUB
20,L1,FE,1984,5366,PUB
20,L1,MA,1984,9992,PUB
20,L2,FE,1984,5971,PUB
20,L2,MA,1984,10525,PUB
20,L3,FE,1984,8133,PUB
20,L3,MA,1984,13290,PUB
21,L1,FE,1984,2350,PUB
21,L1,MA,1984,4326,PUB
21,L2,FE,1984,3763,PUB
21,L2,MA,1984,6709,PUB
21,L3,FE,1984,7586,PUB
21,L3,MA,1984,12993,PUB
22,L1,FE,1984,790,PUB
22,L1,MA,1984,1490,PUB
22,L2,FE,1984,1805,PUB
22,L2,MA,1984,3092,PUB
22,L3,FE,1984,5819,PUB
22,L3,MA,1984,9932,PUB
23,L2,FE,1984,648,PUB
23,L2,MA,1984,1262,PUB
23,L3,FE,1984,3187,PUB
23,L3,MA,1984,5628,PUB
15,L1,FE,1985,2464,PUB
15,L1,MA,1985,3227,PUB
15,L2,FE,1985,440,PUB
15,L2,MA,1985,608,PUB
16,L1,FE,1985,5964,PUB
16,L1,MA,1985,8583,PUB
16,L2,FE,1985,2173,PUB
16,L2,MA,1985,2808,PUB
16,L3,FE,1985,377,PUB
16,L3,MA,1985,651,PUB
17,L1,FE,1985,7698,PUB
17,L1,MA,1985,12325,PUB
17,L2,FE,1985,5338,PUB
17,L2,MA,1985,7042,PUB
17,L3,FE,1985,1836,PUB
17,L3,MA,1985,2506,PUB
18,L1,FE,1985,8327,PUB
18,L1,MA,1985,14799,PUB
18,L2,FE,1985,7317,PUB
18,L2,MA,1985,10636,PUB
18,L3,FE,1985,5302,PUB
18,L3,MA,1985,6913,PUB
19,L1,FE,1985,7153,PUB
19,L1,MA,1985,13704,PUB
19,L2,FE,1985,7467,PUB
19,L2,MA,1985,11902,PUB
19,L3,FE,1985,7948,PUB
19,L3,MA,1985,11335,PUB
20,L1,FE,1985,5110,PUB
20,L1,MA,1985,9029,PUB
20,L2,FE,1985,6026,PUB
20,L2,MA,1985,11114,PUB
20,L3,FE,1985,8882,PUB
20,L3,MA,1985,14004,PUB
21,L1,FE,1985,2067,PUB
21,L1,MA,1985,3971,PUB
21,L2,FE,1985,4080,PUB
21,L2,MA,1985,7045,PUB
21,L3,FE,1985,7591,PUB
21,L3,MA,1985,13150,PUB
22,L1,FE,1985,354,PUB
22,L1,MA,1985,1007,PUB
22,L2,FE,1985,1719,PUB
22,L2,MA,1985,3063,PUB
22,L3,FE,1985,5053,PUB
22,L3,MA,1985,8990,PUB
23,L2,FE,1985,427,PUB
23,L2,MA,1985,950,PUB
23,L3,FE,1985,2143,PUB
23,L3,MA,1985,4081,PUB
15,L1,FE,1986,2688,PUB
15,L1,MA,1986,3570,PUB
15,L2,FE,1986,507,PUB
15,L2,MA,1986,795,PUB
16,L1,FE,1986,6364,PUB
16,L1,MA,1986,9073,PUB
16,L2,FE,1986,2308,PUB
16,L2,MA,1986,3148,PUB
16,L3,FE,1986,460,PUB
16,L3,MA,1986,674,PUB
17,L1,FE,1986,8301,PUB
17,L1,MA,1986,13100,PUB
17,L2,FE,1986,5542,PUB
17,L2,MA,1986,7831,PUB
17,L3,FE,1986,2319,PUB
17,L3,MA,1986,3049,PUB
18,L1,FE,1986,8645,PUB
18,L1,MA,1986,14782,PUB
18,L2,FE,1986,6907,PUB
18,L2,MA,1986,10887,PUB
18,L3,FE,1986,5992,PUB
18,L3,MA,1986,7922,PUB
19,L1,FE,1986,7163,PUB
19,L1,MA,1986,13807,PUB
19,L2,FE,1986,7205,PUB
19,L2,MA,1986,12470,PUB
19,L3,FE,1986,9603,PUB
19,L3,MA,1986,13049,PUB
20,L1,FE,1986,4447,PUB
20,L1,MA,1986,8824,PUB
20,L2,FE,1986,5673,PUB
20,L2,MA,1986,10296,PUB
20,L3,FE,1986,10108,PUB
20,L3,MA,1986,15448,PUB
21,L1,FE,1986,1638,PUB
21,L1,MA,1986,3198,PUB
21,L2,FE,1986,3617,PUB
21,L2,MA,1986,6282,PUB
21,L3,FE,1986,8410,PUB
21,L3,MA,1986,14669,PUB
22,L1,FE,1986,305,PUB
22,L1,MA,1986,694,PUB
22,L2,FE,1986,1436,PUB
22,L2,MA,1986,2532,PUB
22,L3,FE,1986,5376,PUB
22,L3,MA,1986,9455,PUB
23,L2,FE,1986,266,PUB
23,L2,MA,1986,532,PUB
23,L3,FE,1986,2125,PUB
23,L3,MA,1986,3922,PUB
15,L1,FE,1987,2748,PUB
15,L1,MA,1987,3484,PUB
15,L2,FE,1987,634,PUB
15,L2,MA,1987,781,PUB
16,L1,FE,1987,6308,PUB
16,L1,MA,1987,8523,PUB
16,L2,FE,1987,2603,PUB
16,L2,MA,1987,3172,PUB
16,L3,FE,1987,514,PUB
16,L3,MA,1987,746,PUB
17,L1,FE,1987,8251,PUB
17,L1,MA,1987,20325,PUB
17,L2,FE,1987,5817,PUB
17,L2,MA,1987,7937,PUB
17,L3,FE,1987,2338,PUB
17,L3,MA,1987,3138,PUB
18,L1,FE,1987,8090,PUB
18,L1,MA,1987,14367,PUB
18,L2,FE,1987,7278,PUB
18,L2,MA,1987,11202,PUB
18,L3,FE,1987,6153,PUB
18,L3,MA,1987,8365,PUB
19,L1,FE,1987,6386,PUB
19,L1,MA,1987,12454,PUB
19,L2,FE,1987,7040,PUB
19,L2,MA,1987,11865,PUB
19,L3,FE,1987,9479,PUB
19,L3,MA,1987,13229,PUB
20,L1,FE,1987,3916,PUB
20,L1,MA,1987,8303,PUB
20,L2,FE,1987,5670,PUB
20,L2,MA,1987,10285,PUB
20,L3,FE,1987,11264,PUB
20,L3,MA,1987,16558,PUB
21,L1,FE,1987,1539,PUB
21,L1,MA,1987,3325,PUB
21,L2,FE,1987,3235,PUB
21,L2,MA,1987,6225,PUB
21,L3,FE,1987,9547,PUB
21,L3,MA,1987,15677,PUB
22,L1,FE,1987,271,PUB
22,L1,MA,1987,657,PUB
22,L2,FE,1987,1283,PUB
22,L2,MA,1987,2376,PUB
22,L3,FE,1987,6348,PUB
22,L3,MA,1987,10690,PUB
23,L2,FE,1987,236,PUB
23,L2,MA,1987,538,PUB
23,L3,FE,1987,2484,PUB
23,L3,MA,1987,4647,PUB
15,L1,FE,1988,3228,PUB
15,L1,MA,1988,3774,PUB
15,L2,FE,1988,755,PUB
15,L2,MA,1988,872,PUB
16,L1,FE,1988,6782,PUB
16,L1,MA,1988,8824,PUB
16,L2,FE,1988,2538,PUB
16,L2,MA,1988,3337,PUB
16,L3,FE,1988,587,PUB
16,L3,MA,1988,837,PUB
17,L1,FE,1988,8067,PUB
17,L1,MA,1988,12756,PUB
17,L2,FE,1988,5809,PUB
17,L2,MA,1988,7664,PUB
17,L3,FE,1988,2653,PUB
17,L3,MA,1988,3119,PUB
18,L1,FE,1988,8171,PUB
18,L1,MA,1988,14354,PUB
18,L2,FE,1988,7241,PUB
18,L2,MA,1988,10734,PUB
18,L3,FE,1988,6630,PUB
18,L3,MA,1988,8594,PUB
19,L1,FE,1988,6052,PUB
19,L1,MA,1988,12371,PUB
19,L2,FE,1988,6941,PUB
19,L2,MA,1988,11784,PUB
19,L3,FE,1988,9642,PUB
19,L3,MA,1988,13303,PUB
20,L1,FE,1988,3458,PUB
20,L1,MA,1988,7717,PUB
20,L2,FE,1988,5421,PUB
20,L2,MA,1988,9726,PUB
20,L3,FE,1988,10641,PUB
20,L3,MA,1988,15711,PUB
21,L1,FE,1988,1247,PUB
21,L1,MA,1988,3027,PUB
21,L2,FE,1988,3161,PUB
21,L2,MA,1988,6138,PUB
21,L3,FE,1988,9392,PUB
21,L3,MA,1988,14685,PUB
22,L1,FE,1988,163,PUB
22,L1,MA,1988,554,PUB
22,L2,FE,1988,1120,PUB
22,L2,MA,1988,2376,PUB
22,L3,FE,1988,5563,PUB
22,L3,MA,1988,9830,PUB
23,L2,FE,1988,207,PUB
23,L2,MA,1988,523,PUB
23,L3,FE,1988,2321,PUB
23,L3,MA,1988,4210,PUB
15,L1,FE,1989,3213,PUB
15,L1,MA,1989,3775,PUB
15,L2,FE,1989,625,PUB
15,L2,MA,1989,771,PUB
16,L1,FE,1989,6484,PUB
16,L1,MA,1989,8764,PUB
16,L2,FE,1989,2787,PUB
16,L2,MA,1989,3213,PUB
16,L3,FE,1989,583,PUB
16,L3,MA,1989,731,PUB
17,L1,FE,1989,7852,PUB
17,L1,MA,1989,12306,PUB
17,L2,FE,1989,5960,PUB
17,L2,MA,1989,7605,PUB
17,L3,FE,1989,2391,PUB
17,L3,MA,1989,2987,PUB
18,L1,FE,1989,8495,PUB
18,L1,MA,1989,14665,PUB
18,L2,FE,1989,7116,PUB
18,L2,MA,1989,11123,PUB
18,L3,FE,1989,5818,PUB
18,L3,MA,1989,7283,PUB
19,L1,FE,1989,6549,PUB
19,L1,MA,1989,12647,PUB
19,L2,FE,1989,6783,PUB
19,L2,MA,1989,11706,PUB
19,L3,FE,1989,8130,PUB
19,L3,MA,1989,11217,PUB
20,L1,FE,1989,3791,PUB
20,L1,MA,1989,7476,PUB
20,L2,FE,1989,5363,PUB
20,L2,MA,1989,10241,PUB
20,L3,FE,1989,8303,PUB
20,L3,MA,1989,13022,PUB
21,L1,FE,1989,1372,PUB
21,L1,MA,1989,3133,PUB
21,L2,FE,1989,3036,PUB
21,L2,MA,1989,6055,PUB
21,L3,FE,1989,7139,PUB
21,L3,MA,1989,12028,PUB
22,L1,FE,1989,259,PUB
22,L1,MA,1989,648,PUB
22,L2,FE,1989,1202,PUB
22,L2,MA,1989,2588,PUB
22,L3,FE,1989,4815,PUB
22,L3,MA,1989,8205,PUB
23,L2,FE,1989,212,PUB
23,L2,MA,1989,618,PUB
23,L3,FE,1989,1698,PUB
23,L3,MA,1989,3798,PUB
15,L1,FE,1990,4385,PUB
15,L1,MA,1990,4875,PUB
15,L2,FE,1990,725,PUB
15,L2,MA,1990,863,PUB
16,L1,FE,1990,8635,PUB
16,L1,MA,1990,11077,PUB
16,L2,FE,1990,3003,PUB
16,L2,MA,1990,3504,PUB
16,L3,FE,1990,811,PUB
16,L3,MA,1990,775,PUB
17,L1,FE,1990,9708,PUB
17,L1,MA,1990,14822,PUB
17,L2,FE,1990,5868,PUB
17,L2,MA,1990,7713,PUB
17,L3,FE,1990,3378,PUB
17,L3,MA,1990,3544,PUB
18,L1,FE,1990,9163,PUB
18,L1,MA,1990,15114,PUB
18,L2,FE,1990,7028,PUB
18,L2,MA,1990,10637,PUB
18,L3,FE,1990,5839,PUB
18,L3,MA,1990,7454,PUB
19,L1,FE,1990,7291,PUB
19,L1,MA,1990,13096,PUB
19,L2,FE,1990,6916,PUB
19,L2,MA,1990,11276,PUB
19,L3,FE,1990,7180,PUB
19,L3,MA,1990,10827,PUB
20,L1,FE,1990,4063,PUB
20,L1,MA,1990,8528,PUB
20,L2,FE,1990,5214,PUB
20,L2,MA,1990,9661,PUB
20,L3,FE,1990,7905,PUB
20,L3,MA,1990,12253,PUB
21,L1,FE,1990,1382,PUB
21,L1,MA,1990,3141,PUB
21,L2,FE,1990,2925,PUB
21,L2,MA,1990,5554,PUB
21,L3,FE,1990,6067,PUB
21,L3,MA,1990,10661,PUB
22,L1,FE,1990,253,PUB
22,L1,MA,1990,646,PUB
22,L2,FE,1990,958,PUB
22,L2,MA,1990,2202,PUB
22,L3,FE,1990,3573,PUB
22,L3,MA,1990,6565,PUB
23,L2,FE,1990,164,PUB
23,L2,MA,1990,458,PUB
23,L3,FE,1990,1324,PUB
23,L3,MA,1990,2919,PUB
15,L1,FE,1991,5900,PUB
15,L1,MA,1991,569,PUB
15,L2,FE,1991,1036,PUB
15,L2,MA,1991,108,PUB
16,L1,FE,1991,10723,PUB
16,L1,MA,1991,2312,PUB
16,L2,FE,1991,4139,PUB
16,L2,MA,1991,277,PUB
16,L3,FE,1991,812,PUB
16,L3,MA,1991,25,PUB
17,L1,FE,1991,11196,PUB
17,L1,MA,1991,5357,PUB
17,L2,FE,1991,7976,PUB
17,L2,MA,1991,1752,PUB
17,L3,FE,1991,3074,PUB
17,L3,MA,1991,443,PUB
18,L1,FE,1991,10179,PUB
18,L1,MA,1991,6959,PUB
18,L2,FE,1991,8519,PUB
18,L2,MA,1991,3889,PUB
18,L3,FE,1991,6077,PUB
18,L3,MA,1991,1798,PUB
19,L1,FE,1991,6774,PUB
19,L1,MA,1991,5624,PUB
19,L2,FE,1991,7549,PUB
19,L2,MA,1991,4681,PUB
19,L3,FE,1991,7278,PUB
19,L3,MA,1991,3144,PUB
20,L1,FE,1991,3382,PUB
20,L1,MA,1991,3602,PUB
20,L2,FE,1991,5621,PUB
20,L2,MA,1991,4329,PUB
20,L3,FE,1991,7588,PUB
20,L3,MA,1991,4245,PUB
21,L1,FE,1991,1321,PUB
21,L1,MA,1991,1622,PUB
21,L2,FE,1991,3068,PUB
21,L2,MA,1991,2901,PUB
21,L3,FE,1991,5992,PUB
21,L3,MA,1991,4177,PUB
22,L1,FE,1991,215,PUB
22,L1,MA,1991,352,PUB
22,L2,FE,1991,1014,PUB
22,L2,MA,1991,1210,PUB
22,L3,FE,1991,3308,PUB
22,L3,MA,1991,2792,PUB
23,L2,FE,1991,132,PUB
23,L2,MA,1991,280,PUB
23,L3,FE,1991,1154,PUB
23,L3,MA,1991,1259,PUB
15,L1,FE,1992,7388,PUB
15,L1,MA,1992,7684,PUB
15,L2,FE,1992,1174,PUB
15,L2,MA,1992,1368,PUB
16,L1,FE,1992,12278,PUB
16,L1,MA,1992,14407,PUB
16,L2,FE,1992,5097,PUB
16,L2,MA,1992,5386,PUB
16,L3,FE,1992,938,PUB
16,L3,MA,1992,961,PUB
17,L1,FE,1992,12957,PUB
17,L1,MA,1992,18468,PUB
17,L2,FE,1992,8963,PUB
17,L2,MA,1992,10676,PUB
17,L3,FE,1992,3798,PUB
17,L3,MA,1992,4093,PUB
18,L1,FE,1992,11472,PUB
18,L1,MA,1992,18561,PUB
18,L2,FE,1992,9214,PUB
18,L2,MA,1992,13076,PUB
18,L3,FE,1992,7280,PUB
18,L3,MA,1992,8632,PUB
19,L1,FE,1992,8012,PUB
19,L1,MA,1992,14048,PUB
19,L2,FE,1992,8053,PUB
19,L2,MA,1992,12903,PUB
19,L3,FE,1992,7934,PUB
19,L3,MA,1992,11339,PUB
20,L1,FE,1992,3523,PUB
20,L1,MA,1992,6497,PUB
20,L2,FE,1992,5133,PUB
20,L2,MA,1992,8958,PUB
20,L3,FE,1992,7345,PUB
20,L3,MA,1992,11256,PUB
21,L1,FE,1992,949,PUB
21,L1,MA,1992,1964,PUB
21,L2,FE,1992,2610,PUB
21,L2,MA,1992,5054,PUB
21,L3,FE,1992,5468,PUB
21,L3,MA,1992,9058,PUB
22,L1,FE,1992,137,PUB
22,L1,MA,1992,392,PUB
22,L2,FE,1992,1002,PUB
22,L2,MA,1992,2126,PUB
22,L3,FE,1992,3042,PUB
22,L3,MA,1992,5436,PUB
23,L2,FE,1992,178,PUB
23,L2,MA,1992,430,PUB
23,L3,FE,1992,1067,PUB
23,L3,MA,1992,2137,PUB
15,L1,FE,1993,6627,PUB
15,L1,MA,1993,7119,PUB
15,L2,FE,1993,1557,PUB
15,L2,MA,1993,1530,PUB
16,L1,FE,1993,13755,PUB
16,L1,MA,1993,16106,PUB
16,L2,FE,1993,6759,PUB
16,L2,MA,1993,6750,PUB
16,L3,FE,1993,1211,PUB
16,L3,MA,1993,1197,PUB
17,L1,FE,1993,14030,PUB
17,L1,MA,1993,19249,PUB
17,L2,FE,1993,10723,PUB
17,L2,MA,1993,12175,PUB
17,L3,FE,1993,4784,PUB
17,L3,MA,1993,4783,PUB
18,L1,FE,1993,12102,PUB
18,L1,MA,1993,19223,PUB
18,L2,FE,1993,10749,PUB
18,L2,MA,1993,14889,PUB
18,L3,FE,1993,8260,PUB
18,L3,MA,1993,9300,PUB
19,L1,FE,1993,7614,PUB
19,L1,MA,1993,13471,PUB
19,L2,FE,1993,9326,PUB
19,L2,MA,1993,13698,PUB
19,L3,FE,1993,8322,PUB
19,L3,MA,1993,10994,PUB
20,L1,FE,1993,3170,PUB
20,L1,MA,1993,6431,PUB
20,L2,FE,1993,6044,PUB
20,L2,MA,1993,10088,PUB
20,L3,FE,1993,7051,PUB
20,L3,MA,1993,10667,PUB
21,L1,FE,1993,532,PUB
21,L1,MA,1993,1126,PUB
21,L2,FE,1993,2608,PUB
21,L2,MA,1993,4480,PUB
21,L3,FE,1993,4662,PUB
21,L3,MA,1993,7525,PUB
22,L1,FE,1993,73,PUB
22,L1,MA,1993,346,PUB
22,L2,FE,1993,656,PUB
22,L2,MA,1993,1415,PUB
22,L3,FE,1993,2322,PUB
22,L3,MA,1993,4377,PUB
23,L2,FE,1993,67,PUB
23,L2,MA,1993,260,PUB
23,L3,FE,1993,809,PUB
23,L3,MA,1993,1716,PUB
15,L1,FE,1994,3661,PUB
15,L1,MA,1994,4041,PUB
15,L2,FE,1994,1325,PUB
15,L2,MA,1994,1189,PUB
16,L1,FE,1994,16087,PUB
16,L1,MA,1994,18337,PUB
16,L2,FE,1994,5990,PUB
16,L2,MA,1994,6178,PUB
16,L3,FE,1994,1421,PUB
16,L3,MA,1994,1244,PUB
17,L1,FE,1994,14979,PUB
17,L1,MA,1994,20472,PUB
17,L2,FE,1994,12016,PUB
17,L2,MA,1994,13501,PUB
17,L3,FE,1994,6396,PUB
17,L3,MA,1994,14488,PUB
18,L1,FE,1994,11272,PUB
18,L1,MA,1994,18244,PUB
18,L2,FE,1994,11755,PUB
18,L2,MA,1994,15722,PUB
18,L3,FE,1994,9956,PUB
18,L3,MA,1994,13652,PUB
19,L1,FE,1994,6916,PUB
19,L1,MA,1994,12324,PUB
19,L2,FE,1994,9840,PUB
19,L2,MA,1994,14921,PUB
19,L3,FE,1994,10447,PUB
19,L3,MA,1994,11462,PUB
20,L1,FE,1994,2703,PUB
20,L1,MA,1994,5716,PUB
20,L2,FE,1994,6269,PUB
20,L2,MA,1994,10361,PUB
20,L3,FE,1994,9084,PUB
20,L3,MA,1994,6385,PUB
21,L1,FE,1994,533,PUB
21,L1,MA,1994,1329,PUB
21,L2,FE,1994,2590,PUB
21,L2,MA,1994,4837,PUB
21,L3,FE,1994,6058,PUB
21,L3,MA,1994,9411,PUB
22,L1,FE,1994,58,PUB
22,L1,MA,1994,290,PUB
22,L2,FE,1994,465,PUB
22,L2,MA,1994,1015,PUB
22,L3,FE,1994,2625,PUB
22,L3,MA,1994,4418,PUB
23,L2,FE,1994,61,PUB
23,L2,MA,1994,222,PUB
23,L3,FE,1994,641,PUB
23,L3,MA,1994,1400,PUB
15,L1,FE,1995,7864,PUB
15,L1,MA,1995,7550,PUB
15,L2,FE,1995,758,PUB
15,L2,MA,1995,740,PUB
16,L1,FE,1995,21364,PUB
16,L1,MA,1995,22823,PUB
16,L2,FE,1995,3504,PUB
16,L2,MA,1995,3720,PUB
16,L3,FE,1995,1314,PUB
16,L3,MA,1995,1222,PUB
17,L1,FE,1995,14885,PUB
17,L1,MA,1995,20922,PUB
17,L2,FE,1995,14096,PUB
17,L2,MA,1995,15798,PUB
17,L3,FE,1995,5660,PUB
17,L3,MA,1995,5521,PUB
18,L1,FE,1995,9586,PUB
18,L1,MA,1995,16055,PUB
18,L2,FE,1995,12307,PUB
18,L2,MA,1995,16392,PUB
18,L3,FE,1995,11161,PUB
18,L3,MA,1995,11994,PUB
19,L1,FE,1995,4868,PUB
19,L1,MA,1995,9359,PUB
19,L2,FE,1995,9126,PUB
19,L2,MA,1995,13699,PUB
19,L3,FE,1995,11194,PUB
19,L3,MA,1995,14185,PUB
20,L1,FE,1995,1655,PUB
20,L1,MA,1995,3557,PUB
20,L2,FE,1995,5234,PUB
20,L2,MA,1995,8837,PUB
20,L3,FE,1995,9462,PUB
20,L3,MA,1995,13635,PUB
21,L1,FE,1995,287,PUB
21,L1,MA,1995,848,PUB
21,L2,FE,1995,1952,PUB
21,L2,MA,1995,3803,PUB
21,L3,FE,1995,5710,PUB
21,L3,MA,1995,9570,PUB
22,L1,FE,1995,53,PUB
22,L1,MA,1995,238,PUB
22,L2,FE,1995,341,PUB
22,L2,MA,1995,757,PUB
22,L3,FE,1995,2344,PUB
22,L3,MA,1995,4418,PUB
23,L2,FE,1995,45,PUB
23,L2,MA,1995,158,PUB
23,L3,FE,1995,406,PUB
23,L3,MA,1995,882,PUB
15,L1,FE,1996,8527,PUB
15,L1,MA,1996,8249,PUB
15,L2,FE,1996,781,PUB
15,L2,MA,1996,748,PUB
16,L1,FE,1996,19260,PUB
16,L1,MA,1996,21743,PUB
16,L2,FE,1996,6859,PUB
16,L2,MA,1996,6458,PUB
16,L3,FE,1996,732,PUB
16,L3,MA,1996,622,PUB
17,L1,FE,1996,16875,PUB
17,L1,MA,1996,23697,PUB
17,L2,FE,1996,17754,PUB
17,L2,MA,1996,18418,PUB
17,L3,FE,1996,3393,PUB
17,L3,MA,1996,3325,PUB
18,L1,FE,1996,11385,PUB
18,L1,MA,1996,19162,PUB
18,L2,FE,1996,12248,PUB
18,L2,MA,1996,15783,PUB
18,L3,FE,1996,13007,PUB
18,L3,MA,1996,14117,PUB
19,L1,FE,1996,4791,PUB
19,L1,MA,1996,9726,PUB
19,L2,FE,1996,7782,PUB
19,L2,MA,1996,11788,PUB
19,L3,FE,1996,11866,PUB
19,L3,MA,1996,14849,PUB
20,L1,FE,1996,1472,PUB
20,L1,MA,1996,3519,PUB
20,L2,FE,1996,3713,PUB
20,L2,MA,1996,6444,PUB
20,L3,FE,1996,9074,PUB
20,L3,MA,1996,12556,PUB
21,L1,FE,1996,296,PUB
21,L1,MA,1996,811,PUB
21,L2,FE,1996,1219,PUB
21,L2,MA,1996,2650,PUB
21,L3,FE,1996,5022,PUB
21,L3,MA,1996,8080,PUB
22,L1,FE,1996,42,PUB
22,L1,MA,1996,196,PUB
22,L2,FE,1996,202,PUB
22,L2,MA,1996,600,PUB
22,L3,FE,1996,1770,PUB
22,L3,MA,1996,3224,PUB
23,L2,FE,1996,61,PUB
23,L2,MA,1996,177,PUB
23,L3,FE,1996,272,PUB
23,L3,MA,1996,707,PUB
15,L1,FE,1997,10399,PUB
15,L1,MA,1997,9696,PUB
15,L2,FE,1997,933,PUB
15,L2,MA,1997,866,PUB
16,L1,FE,1997,21692,PUB
16,L1,MA,1997,23863,PUB
16,L2,FE,1997,7729,PUB
16,L2,MA,1997,7272,PUB
16,L3,FE,1997,698,PUB
16,L3,MA,1997,652,PUB
17,L1,FE,1997,17227,PUB
17,L1,MA,1997,24914,PUB
17,L2,FE,1997,16329,PUB
17,L2,MA,1997,17153,PUB
17,L3,FE,1997,6004,PUB
17,L3,MA,1997,5507,PUB
18,L1,FE,1997,12287,PUB
18,L1,MA,1997,21460,PUB
18,L2,FE,1997,13574,PUB
18,L2,MA,1997,17403,PUB
18,L3,FE,1997,15276,PUB
18,L3,MA,1997,15501,PUB
19,L1,FE,1997,4773,PUB
19,L1,MA,1997,10005,PUB
19,L2,FE,1997,8911,PUB
19,L2,MA,1997,13166,PUB
19,L3,FE,1997,11885,PUB
19,L3,MA,1997,14195,PUB
20,L1,FE,1997,1135,PUB
20,L1,MA,1997,2818,PUB
20,L2,FE,1997,3570,PUB
20,L2,MA,1997,6215,PUB
20,L3,FE,1997,8034,PUB
20,L3,MA,1997,10732,PUB
21,L1,FE,1997,161,PUB
21,L1,MA,1997,526,PUB
21,L2,FE,1997,956,PUB
21,L2,MA,1997,1984,PUB
21,L3,FE,1997,3700,PUB
21,L3,MA,1997,5846,PUB
22,L1,FE,1997,19,PUB
22,L1,MA,1997,162,PUB
22,L2,FE,1997,164,PUB
22,L2,MA,1997,421,PUB
22,L3,FE,1997,1151,PUB
22,L3,MA,1997,2277,PUB
23,L2,FE,1997,28,PUB
23,L2,MA,1997,127,PUB
23,L3,FE,1997,188,PUB
23,L3,MA,1997,513,PUB
15,L1,FE,1998,12067,PUB
15,L1,MA,1998,11541,PUB
15,L2,FE,1998,1015,PUB
15,L2,MA,1998,883,PUB
16,L1,FE,1998,24242,PUB
16,L1,MA,1998,26254,PUB
16,L2,FE,1998,8996,PUB
16,L2,MA,1998,8035,PUB
16,L3,FE,1998,841,PUB
16,L3,MA,1998,739,PUB
17,L1,FE,1998,18377,PUB
17,L1,MA,1998,25991,PUB
17,L2,FE,1998,18072,PUB
17,L2,MA,1998,18523,PUB
17,L3,FE,1998,6697,PUB
17,L3,MA,1998,6211,PUB
18,L1,FE,1998,11308,PUB
18,L1,MA,1998,19780,PUB
18,L2,FE,1998,13736,PUB
18,L2,MA,1998,17712,PUB
18,L3,FE,1998,14114,PUB
18,L3,MA,1998,14479,PUB
19,L1,FE,1998,4763,PUB
19,L1,MA,1998,9951,PUB
19,L2,FE,1998,9889,PUB
19,L2,MA,1998,14796,PUB
19,L3,FE,1998,12560,PUB
19,L3,MA,1998,15493,PUB
20,L1,FE,1998,1291,PUB
20,L1,MA,1998,3206,PUB
20,L2,FE,1998,3498,PUB
20,L2,MA,1998,6013,PUB
20,L3,FE,1998,8402,PUB
20,L3,MA,1998,11915,PUB
21,L1,FE,1998,201,PUB
21,L1,MA,1998,558,PUB
21,L2,FE,1998,802,PUB
21,L2,MA,1998,1660,PUB
21,L3,FE,1998,3261,PUB
21,L3,MA,1998,5309,PUB
22,L1,FE,1998,33,PUB
22,L1,MA,1998,155,PUB
22,L2,FE,1998,173,PUB
22,L2,MA,1998,311,PUB
22,L3,FE,1998,900,PUB
22,L3,MA,1998,1732,PUB
23,L2,FE,1998,32,PUB
23,L2,MA,1998,116,PUB
23,L3,FE,1998,194,PUB
23,L3,MA,1998,329,PUB
15,L1,FE,1999,13651,PUB
15,L1,MA,1999,12716,PUB
15,L2,FE,1999,1454,PUB
15,L2,MA,1999,1113,PUB
16,L1,FE,1999,24856,PUB
16,L1,MA,1999,26682,PUB
16,L2,FE,1999,10924,PUB
16,L2,MA,1999,9532,PUB
16,L3,FE,1999,1034,PUB
16,L3,MA,1999,820,PUB
17,L1,FE,1999,18013,PUB
17,L1,MA,1999,25597,PUB
17,L2,FE,1999,19869,PUB
17,L2,MA,1999,19365,PUB
17,L3,FE,1999,8274,PUB
17,L3,MA,1999,6755,PUB
18,L1,FE,1999,11330,PUB
18,L1,MA,1999,19512,PUB
18,L2,FE,1999,14720,PUB
18,L2,MA,1999,18290,PUB
18,L3,FE,1999,15707,PUB
18,L3,MA,1999,15260,PUB
19,L1,FE,1999,4295,PUB
19,L1,MA,1999,9171,PUB
19,L2,FE,1999,9362,PUB
19,L2,MA,1999,13765,PUB
19,L3,FE,1999,12709,PUB
19,L3,MA,1999,15003,PUB
20,L1,FE,1999,1108,PUB
20,L1,MA,1999,2897,PUB
20,L2,FE,1999,3662,PUB
20,L2,MA,1999,6445,PUB
20,L3,FE,1999,9710,PUB
20,L3,MA,1999,13214,PUB
21,L1,FE,1999,162,PUB
21,L1,MA,1999,626,PUB
21,L2,FE,1999,884,PUB
21,L2,MA,1999,1827,PUB
21,L3,FE,1999,3182,PUB
21,L3,MA,1999,5082,PUB
22,L1,FE,1999,18,PUB
22,L1,MA,1999,159,PUB
22,L2,FE,1999,111,PUB
22,L2,MA,1999,317,PUB
22,L3,FE,1999,627,PUB
22,L3,MA,1999,1325,PUB
23,L2,FE,1999,10,PUB
23,L2,MA,1999,69,PUB
23,L3,FE,1999,93,PUB
23,L3,MA,1999,211,PUB
15,L1,FE,2000,14684,PUB
15,L1,MA,2000,13720,PUB
15,L2,FE,2000,1572,PUB
15,L2,MA,2000,1255,PUB
16,L1,FE,2000,27380,PUB
16,L1,MA,2000,28814,PUB
16,L2,FE,2000,12075,PUB
16,L2,MA,2000,10577,PUB
16,L3,FE,2000,1199,PUB
16,L3,MA,2000,939,PUB
17,L1,FE,2000,18337,PUB
17,L1,MA,2000,25530,PUB
17,L2,FE,2000,21017,PUB
17,L2,MA,2000,21221,PUB
17,L3,FE,2000,9483,PUB
17,L3,MA,2000,8240,PUB
18,L1,FE,2000,10913,PUB
18,L1,MA,2000,19037,PUB
18,L2,FE,2000,15094,PUB
18,L2,MA,2000,19054,PUB
18,L3,FE,2000,17588,PUB
18,L3,MA,2000,17077,PUB
19,L1,FE,2000,4722,PUB
19,L1,MA,2000,9589,PUB
19,L2,FE,2000,9342,PUB
19,L2,MA,2000,13912,PUB
19,L3,FE,2000,14106,PUB
19,L3,MA,2000,16664,PUB
20,L1,FE,2000,1320,PUB
20,L1,MA,2000,3125,PUB
20,L2,FE,2000,3602,PUB
20,L2,MA,2000,6300,PUB
20,L3,FE,2000,9345,PUB
20,L3,MA,2000,12711,PUB
21,L1,FE,2000,258,PUB
21,L1,MA,2000,785,PUB
21,L2,FE,2000,990,PUB
21,L2,MA,2000,2007,PUB
21,L3,FE,2000,3829,PUB
21,L3,MA,2000,6025,PUB
22,L1,FE,2000,60,PUB
22,L1,MA,2000,250,PUB
22,L2,FE,2000,188,PUB
22,L2,MA,2000,390,PUB
22,L3,FE,2000,911,PUB
22,L3,MA,2000,1633,PUB
23,L2,FE,2000,35,PUB
23,L2,MA,2000,124,PUB
23,L3,FE,2000,129,PUB
23,L3,MA,2000,290,PUB
15,L1,FE,2001,16467,PUB
15,L1,MA,2001,14757,PUB
15,L2,FE,2001,1348,PUB
15,L2,MA,2001,1045,PUB
16,L1,FE,2001,29657,PUB
16,L1,MA,2001,30469,PUB
16,L2,FE,2001,13088,PUB
16,L2,MA,2001,11292,PUB
16,L3,FE,2001,1157,PUB
16,L3,MA,2001,895,PUB
17,L1,FE,2001,19943,PUB
17,L1,MA,2001,27425,PUB
17,L2,FE,2001,22954,PUB
17,L2,MA,2001,22308,PUB
17,L3,FE,2001,10388,PUB
17,L3,MA,2001,8936,PUB
18,L1,FE,2001,11220,PUB
18,L1,MA,2001,19043,PUB
18,L2,FE,2001,15119,PUB
18,L2,MA,2001,19205,PUB
18,L3,FE,2001,18761,PUB
18,L3,MA,2001,18074,PUB
19,L1,FE,2001,3980,PUB
19,L1,MA,2001,8292,PUB
19,L2,FE,2001,9061,PUB
19,L2,MA,2001,13381,PUB
19,L3,FE,2001,13816,PUB
19,L3,MA,2001,15919,PUB
20,L1,FE,2001,1106,PUB
20,L1,MA,2001,2722,PUB
20,L2,FE,2001,3643,PUB
20,L2,MA,2001,6284,PUB
20,L3,FE,2001,8945,PUB
20,L3,MA,2001,12121,PUB
21,L1,FE,2001,222,PUB
21,L1,MA,2001,604,PUB
21,L2,FE,2001,992,PUB
21,L2,MA,2001,1987,PUB
21,L3,FE,2001,3421,PUB
21,L3,MA,2001,5433,PUB
22,L1,FE,2001,30,PUB
22,L1,MA,2001,263,PUB
22,L2,FE,2001,185,PUB
22,L2,MA,2001,467,PUB
22,L3,FE,2001,952,PUB
22,L3,MA,2001,1664,PUB
23,L2,FE,2001,20,PUB
23,L2,MA,2001,61,PUB
23,L3,FE,2001,150,PUB
23,L3,MA,2001,325,PUB
15,L1,FE,2002,17876,PUB
15,L1,MA,2002,15928,PUB
15,L2,FE,2002,1949,PUB
15,L2,MA,2002,1517,PUB
16,L1,FE,2002,28986,PUB
16,L1,MA,2002,30470,PUB
16,L2,FE,2002,15270,PUB
16,L2,MA,2002,12790,PUB
16,L3,FE,2002,1496,PUB
16,L3,MA,2002,1227,PUB
17,L1,FE,2002,19007,PUB
17,L1,MA,2002,26243,PUB
17,L2,FE,2002,26851,PUB
17,L2,MA,2002,25436,PUB
17,L3,FE,2002,11540,PUB
17,L3,MA,2002,9750,PUB
18,L1,FE,2002,10403,PUB
18,L1,MA,2002,18395,PUB
18,L2,FE,2002,19369,PUB
18,L2,MA,2002,22977,PUB
18,L3,FE,2002,19601,PUB
18,L3,MA,2002,18272,PUB
19,L1,FE,2002,3770,PUB
19,L1,MA,2002,8019,PUB
19,L2,FE,2002,11981,PUB
19,L2,MA,2002,15981,PUB
19,L3,FE,2002,13981,PUB
19,L3,MA,2002,16105,PUB
20,L1,FE,2002,924,PUB
20,L1,MA,2002,2506,PUB
20,L2,FE,2002,4623,PUB
20,L2,MA,2002,7676,PUB
20,L3,FE,2002,9179,PUB
20,L3,MA,2002,12229,PUB
21,L1,FE,2002,190,PUB
21,L1,MA,2002,577,PUB
21,L2,FE,2002,1307,PUB
21,L2,MA,2002,2473,PUB
21,L3,FE,2002,3813,PUB
21,L3,MA,2002,5822,PUB
22,L1,FE,2002,39,PUB
22,L1,MA,2002,240,PUB
22,L2,FE,2002,247,PUB
22,L2,MA,2002,582,PUB
22,L3,FE,2002,1100,PUB
22,L3,MA,2002,1890,PUB
23,L2,FE,2002,48,PUB
23,L2,MA,2002,235,PUB
23,L3,FE,2002,219,PUB
23,L3,MA,2002,433,PUB
15,L1,FE,2003,19874,PUB
15,L1,MA,2003,17482,PUB
15,L2,FE,2003,1865,PUB
15,L2,MA,2003,1440,PUB
16,L1,FE,2003,31399,PUB
16,L1,MA,2003,31225,PUB
16,L2,FE,2003,16436,PUB
16,L2,MA,2003,14009,PUB
16,L3,FE,2003,1631,PUB
16,L3,MA,2003,1353,PUB
17,L1,FE,2003,20105,PUB
17,L1,MA,2003,26112,PUB
17,L2,FE,2003,26265,PUB
17,L2,MA,2003,25558,PUB
17,L3,FE,2003,14186,PUB
17,L3,MA,2003,11453,PUB
18,L1,FE,2003,11339,PUB
18,L1,MA,2003,18235,PUB
18,L2,FE,2003,17163,PUB
18,L2,MA,2003,21301,PUB
18,L3,FE,2003,25970,PUB
18,L3,MA,2003,23173,PUB
19,L1,FE,2003,4421,PUB
19,L1,MA,2003,8565,PUB
19,L2,FE,2003,9421,PUB
19,L2,MA,2003,14379,PUB
19,L3,FE,2003,20850,PUB
19,L3,MA,2003,22778,PUB
20,L1,FE,2003,1162,PUB
20,L1,MA,2003,2701,PUB
20,L2,FE,2003,3526,PUB
20,L2,MA,2003,6465,PUB
20,L3,FE,2003,13421,PUB
20,L3,MA,2003,16943,PUB
21,L1,FE,2003,235,PUB
21,L1,MA,2003,678,PUB
21,L2,FE,2003,891,PUB
21,L2,MA,2003,2074,PUB
21,L3,FE,2003,5744,PUB
21,L3,MA,2003,8603,PUB
22,L1,FE,2003,59,PUB
22,L1,MA,2003,238,PUB
22,L2,FE,2003,208,PUB
22,L2,MA,2003,505,PUB
22,L3,FE,2003,1790,PUB
22,L3,MA,2003,3039,PUB
23,L2,FE,2003,38,PUB
23,L2,MA,2003,238,PUB
23,L3,FE,2003,359,PUB
23,L3,MA,2003,740,PUB
15,L1,FE,2004,20723,PUB
15,L1,MA,2004,18232,PUB
15,L2,FE,2004,1705,PUB
15,L2,MA,2004,1582,PUB
16,L1,FE,2004,32742,PUB
16,L1,MA,2004,32302,PUB
16,L2,FE,2004,18554,PUB
16,L2,MA,2004,15073,PUB
16,L3,FE,2004,1857,PUB
16,L3,MA,2004,1412,PUB
17,L1,FE,2004,20538,PUB
17,L1,MA,2004,27370,PUB
17,L2,FE,2004,28368,PUB
17,L2,MA,2004,26076,PUB
17,L3,FE,2004,16243,PUB
17,L3,MA,2004,13286,PUB
18,L1,FE,2004,11146,PUB
18,L1,MA,2004,18742,PUB
18,L2,FE,2004,17802,PUB
18,L2,MA,2004,21414,PUB
18,L3,FE,2004,28461,PUB
18,L3,MA,2004,26132,PUB
19,L1,FE,2004,4113,PUB
19,L1,MA,2004,8643,PUB
19,L2,FE,2004,9776,PUB
19,L2,MA,2004,14433,PUB
19,L3,FE,2004,24583,PUB
19,L3,MA,2004,26827,PUB
20,L1,FE,2004,1158,PUB
20,L1,MA,2004,2886,PUB
20,L2,FE,2004,3877,PUB
20,L2,MA,2004,6939,PUB
20,L3,FE,2004,16050,PUB
20,L3,MA,2004,20446,PUB
21,L1,FE,2004,249,PUB
21,L1,MA,2004,762,PUB
21,L2,FE,2004,985,PUB
21,L2,MA,2004,2199,PUB
21,L3,FE,2004,7354,PUB
21,L3,MA,2004,10546,PUB
22,L1,FE,2004,84,PUB
22,L1,MA,2004,298,PUB
22,L2,FE,2004,241,PUB
22,L2,MA,2004,596,PUB
22,L3,FE,2004,2125,PUB
22,L3,MA,2004,3788,PUB
23,L2,FE,2004,52,PUB
23,L2,MA,2004,200,PUB
23,L3,FE,2004,570,PUB
23,L3,MA,2004,1015,PUB
15,L1,FE,2005,22805,PUB
15,L1,MA,2005,19588,PUB
15,L2,FE,2005,1828,PUB
15,L2,MA,2005,1500,PUB
16,L1,FE,2005,34118,PUB
16,L1,MA,2005,33359,PUB
16,L2,FE,2005,19526,PUB
16,L2,MA,2005,16065,PUB
16,L3,FE,2005,1727,PUB
16,L3,MA,2005,1331,PUB
17,L1,FE,2005,21513,PUB
17,L1,MA,2005,28154,PUB
17,L2,FE,2005,29681,PUB
17,L2,MA,2005,27125,PUB
17,L3,FE,2005,17803,PUB
17,L3,MA,2005,13995,PUB
18,L1,FE,2005,11446,PUB
18,L1,MA,2005,19307,PUB
18,L2,FE,2005,18240,PUB
18,L2,MA,2005,22413,PUB
18,L3,FE,2005,30561,PUB
18,L3,MA,2005,27071,PUB
19,L1,FE,2005,4273,PUB
19,L1,MA,2005,8842,PUB
19,L2,FE,2005,9912,PUB
19,L2,MA,2005,15101,PUB
19,L3,FE,2005,25483,PUB
19,L3,MA,2005,27560,PUB
20,L1,FE,2005,1191,PUB
20,L1,MA,2005,2758,PUB
20,L2,FE,2005,3727,PUB
20,L2,MA,2005,7132,PUB
20,L3,FE,2005,16746,PUB
20,L3,MA,2005,20918,PUB
21,L1,FE,2005,208,PUB
21,L1,MA,2005,804,PUB
21,L2,FE,2005,1072,PUB
21,L2,MA,2005,2445,PUB
21,L3,FE,2005,7675,PUB
21,L3,MA,2005,11552,PUB
22,L1,FE,2005,85,PUB
22,L1,MA,2005,319,PUB
22,L2,FE,2005,235,PUB
22,L2,MA,2005,589,PUB
22,L3,FE,2005,2401,PUB
22,L3,MA,2005,4041,PUB
23,L2,FE,2005,58,PUB
23,L2,MA,2005,275,PUB
23,L3,FE,2005,501,PUB
23,L3,MA,2005,1101,PUB
15,L1,FE,2006,24741,PUB
15,L1,MA,2006,20937,PUB
15,L2,FE,2006,1959,PUB
15,L2,MA,2006,1631,PUB
16,L1,FE,2006,35625,PUB
16,L1,MA,2006,33474,PUB
16,L2,FE,2006,21207,PUB
16,L2,MA,2006,17202,PUB
16,L3,FE,2006,1782,PUB
16,L3,MA,2006,1417,PUB
17,L1,FE,2006,20537,PUB
17,L1,MA,2006,26677,PUB
17,L2,FE,2006,30927,PUB
17,L2,MA,2006,28394,PUB
17,L3,FE,2006,18193,PUB
17,L3,MA,2006,14551,PUB
18,L1,FE,2006,10811,PUB
18,L1,MA,2006,18194,PUB
18,L2,FE,2006,19454,PUB
18,L2,MA,2006,23644,PUB
18,L3,FE,2006,31783,PUB
18,L3,MA,2006,28235,PUB
19,L1,FE,2006,3870,PUB
19,L1,MA,2006,8156,PUB
19,L2,FE,2006,10516,PUB
19,L2,MA,2006,15867,PUB
19,L3,FE,2006,27099,PUB
19,L3,MA,2006,28450,PUB
20,L1,FE,2006,1046,PUB
20,L1,MA,2006,2553,PUB
20,L2,FE,2006,4057,PUB
20,L2,MA,2006,7372,PUB
20,L3,FE,2006,17474,PUB
20,L3,MA,2006,21720,PUB
21,L1,FE,2006,230,PUB
21,L1,MA,2006,584,PUB
21,L2,FE,2006,1139,PUB
21,L2,MA,2006,2470,PUB
21,L3,FE,2006,8048,PUB
21,L3,MA,2006,11873,PUB
22,L1,FE,2006,45,PUB
22,L1,MA,2006,172,PUB
22,L2,FE,2006,259,PUB
22,L2,MA,2006,624,PUB
22,L3,FE,2006,2687,PUB
22,L3,MA,2006,4641,PUB
23,L2,FE,2006,73,PUB
23,L2,MA,2006,298,PUB
23,L3,FE,2006,654,PUB
23,L3,MA,2006,1203,PUB
15,L1,FE,2007,29659,PUB
15,L1,MA,2007,23563,PUB
15,L2,FE,2007,2114,PUB
15,L2,MA,2007,1872,PUB
16,L1,FE,2007,38803,PUB
16,L1,MA,2007,33981,PUB
16,L2,FE,2007,23876,PUB
16,L2,MA,2007,10300,PUB
16,L3,FE,2007,1410,PUB
16,L3,MA,2007,1146,PUB
17,L1,FE,2007,20309,PUB
17,L1,MA,2007,24366,PUB
17,L2,FE,2007,33691,PUB
17,L2,MA,2007,31365,PUB
17,L3,FE,2007,19206,PUB
17,L3,MA,2007,14691,PUB
18,L1,FE,2007,9560,PUB
18,L1,MA,2007,15348,PUB
18,L2,FE,2007,20287,PUB
18,L2,MA,2007,25301,PUB
18,L3,FE,2007,33061,PUB
18,L3,MA,2007,28673,PUB
19,L1,FE,2007,3128,PUB
19,L1,MA,2007,6562,PUB
19,L2,FE,2007,10764,PUB
19,L2,MA,2007,17016,PUB
19,L3,FE,2007,27698,PUB
19,L3,MA,2007,29389,PUB
20,L1,FE,2007,802,PUB
20,L1,MA,2007,1975,PUB
20,L2,FE,2007,4072,PUB
20,L2,MA,2007,8036,PUB
20,L3,FE,2007,16985,PUB
20,L3,MA,2007,22354,PUB
21,L1,FE,2007,212,PUB
21,L1,MA,2007,744,PUB
21,L2,FE,2007,1479,PUB
21,L2,MA,2007,3487,PUB
21,L3,FE,2007,10596,PUB
21,L3,MA,2007,17522,PUB
15,L2,FE,2008,2164,PUB
15,L2,MA,2008,1782,PUB
16,L2,FE,2008,28651,PUB
16,L2,MA,2008,21909,PUB
16,L3,FE,2008,1878,PUB
16,L3,MA,2008,1402,PUB
17,L1,FE,2008,21705,PUB
17,L1,MA,2008,5601,PUB
17,L2,FE,2008,36728,PUB
17,L2,MA,2008,31923,PUB
17,L3,FE,2008,22447,PUB
17,L3,MA,2008,16912,PUB
18,L1,FE,2008,11241,PUB
18,L1,MA,2008,6382,PUB
18,L2,FE,2008,19353,PUB
18,L2,MA,2008,23485,PUB
18,L3,FE,2008,34461,PUB
18,L3,MA,2008,29948,PUB
19,L1,FE,2008,4053,PUB
19,L1,MA,2008,3602,PUB
19,L2,FE,2008,9452,PUB
19,L2,MA,2008,15360,PUB
19,L3,FE,2008,26654,PUB
19,L3,MA,2008,29170,PUB
20,L1,FE,2008,1091,PUB
20,L1,MA,2008,1150,PUB
20,L2,FE,2008,3415,PUB
20,L2,MA,2008,6941,PUB
20,L3,FE,2008,16018,PUB
20,L3,MA,2008,21955,PUB
21,L1,FE,2008,282,PUB
21,L1,MA,2008,884,PUB
21,L2,FE,2008,1188,PUB
21,L2,MA,2008,2969,PUB
21,L3,FE,2008,9442,PUB
21,L3,MA,2008,16937,PUB
15,L1,FE,2009,37398,PUB
15,L1,MA,2009,27875,PUB
15,L2,FE,2009,2682,PUB
15,L2,MA,2009,2104,PUB
16,L1,FE,2009,42101,PUB
16,L1,MA,2009,36922,PUB
16,L2,FE,2009,28221,PUB
16,L2,MA,2009,20618,PUB
16,L3,FE,2009,1473,PUB
16,L3,MA,2009,1129,PUB
17,L1,FE,2009,26444,PUB
17,L1,MA,2009,30612,PUB
17,L2,FE,2009,36732,PUB
17,L2,MA,2009,31076,PUB
17,L3,FE,2009,20363,PUB
17,L3,MA,2009,14218,PUB
18,L1,FE,2009,14235,PUB
18,L1,MA,2009,21525,PUB
18,L2,FE,2009,24383,PUB
18,L2,MA,2009,27671,PUB
18,L3,FE,2009,35401,PUB
18,L3,MA,2009,27325,PUB
19,L1,FE,2009,5890,PUB
19,L1,MA,2009,11223,PUB
19,L2,FE,2009,12651,PUB
19,L2,MA,2009,18729,PUB
19,L3,FE,2009,30178,PUB
19,L3,MA,2009,29265,PUB
20,L1,FE,2009,1801,PUB
20,L1,MA,2009,3974,PUB
20,L2,FE,2009,5401,PUB
20,L2,MA,2009,9836,PUB
20,L3,FE,2009,18600,PUB
20,L3,MA,2009,23462,PUB
21,L1,FE,2009,605,PUB
21,L1,MA,2009,1505,PUB
21,L2,FE,2009,2031,PUB
21,L2,MA,2009,4879,PUB
21,L3,FE,2009,13017,PUB
21,L3,MA,2009,21678,PUB
15,L1,FE,2010,54663,PUB
15,L1,MA,2010,41494,PUB
15,L2,FE,2010,4045,PUB
15,L2,MA,2010,3173,PUB
16,L1,FE,2010,37703,PUB
16,L1,MA,2010,36443,PUB
16,L2,FE,2010,43182,PUB
16,L2,MA,2010,31553,PUB
16,L3,FE,2010,2828,PUB
16,L3,MA,2010,1936,PUB
17,L1,FE,2010,21077,PUB
17,L1,MA,2010,28278,PUB
17,L2,FE,2010,38495,PUB
17,L2,MA,2010,34153,PUB
17,L3,FE,2010,32338,PUB
17,L3,MA,2010,22154,PUB
18,L1,FE,2010,10558,PUB
18,L1,MA,2010,18848,PUB
18,L3,FE,2010,40057,PUB
18,L3,MA,2010,32126,PUB
19,L1,FE,2010,4265,PUB
19,L1,MA,2010,9305,PUB
19,L2,FE,2010,11543,PUB
19,L2,MA,2010,19083,PUB
19,L3,FE,2010,31500,PUB
19,L3,MA,2010,32739,PUB
20,L1,FE,2010,1215,PUB
20,L1,MA,2010,3006,PUB
20,L2,FE,2010,4480,PUB
20,L2,MA,2010,8883,PUB
20,L3,FE,2010,17663,PUB
20,L3,MA,2010,23409,PUB
15,L1,FE,2011,59690,PUB
15,L1,MA,2011,45711,PUB
15,L2,FE,2011,5496,PUB
15,L2,MA,2011,4185,PUB
16,L1,FE,2011,34827,PUB
16,L1,MA,2011,36407,PUB
16,L2,FE,2011,52025,PUB
16,L2,MA,2011,38005,PUB
16,L3,FE,2011,4322,PUB
16,L3,MA,2011,2916,PUB
17,L1,FE,2011,19932,PUB
17,L1,MA,2011,28875,PUB
17,L2,FE,2011,36025,PUB
17,L2,MA,2011,34817,PUB
17,L3,FE,2011,39894,PUB
17,L3,MA,2011,26822,PUB
18,L1,FE,2011,10051,PUB
18,L1,MA,2011,19533,PUB
18,L2,FE,2011,20675,PUB
18,L2,MA,2011,28046,PUB
18,L3,FE,2011,42733,PUB
18,L3,MA,2011,34933,PUB
19,L1,FE,2011,3851,PUB
19,L1,MA,2011,9442,PUB
19,L2,FE,2011,10636,PUB
19,L2,MA,2011,19129,PUB
19,L3,FE,2011,31140,PUB
19,L3,MA,2011,33631,PUB
20,L1,FE,2011,1166,PUB
20,L1,MA,2011,3314,PUB
20,L2,FE,2011,4251,PUB
20,L2,MA,2011,9782,PUB
20,L3,FE,2011,18772,PUB
20,L3,MA,2011,26214,PUB
15,L1,FE,2012,61896,PUB
15,L1,MA,2012,47970,PUB
15,L2,FE,2012,6370,PUB
15,L2,MA,2012,4893,PUB
16,L1,FE,2012,35811,PUB
16,L1,MA,2012,38503,PUB
16,L2,FE,2012,53821,PUB
16,L2,MA,2012,39737,PUB
16,L3,FE,2012,4835,PUB
16,L3,MA,2012,3457,PUB
17,L1,FE,2012,20313,PUB
17,L1,MA,2012,30790,PUB
17,L2,FE,2012,34991,PUB
17,L2,MA,2012,35889,PUB
17,L3,FE,2012,46476,PUB
17,L3,MA,2012,31730,PUB
18,L1,FE,2012,9687,PUB
18,L1,MA,2012,20338,PUB
18,L2,FE,2012,20133,PUB
18,L2,MA,2012,28447,PUB
18,L3,FE,2012,41972,PUB
18,L3,MA,2012,35791,PUB
19,L1,FE,2012,3788,PUB
19,L1,MA,2012,9982,PUB
19,L2,FE,2012,10293,PUB
19,L2,MA,2012,19715,PUB
19,L3,FE,2012,30279,PUB
19,L3,MA,2012,33312,PUB
20,L1,FE,2012,1182,PUB
20,L1,MA,2012,3686,PUB
20,L2,FE,2012,4207,PUB
20,L2,MA,2012,10001,PUB
20,L3,FE,2012,17989,PUB
20,L3,MA,2012,25862,PUB
15,L1,FE,2013,68497,PUB
15,L1,MA,2013,51848,PUB
15,L2,FE,2013,6636,PUB
15,L2,MA,2013,5186,PUB
16,L1,FE,2013,35232,PUB
16,L1,MA,2013,38080,PUB
16,L2,FE,2013,58720,PUB
16,L2,MA,2013,43629,PUB
16,L3,FE,2013,6472,PUB
16,L3,MA,2013,4647,PUB
17,L1,FE,2013,18964,PUB
17,L1,MA,2013,29896,PUB
17,L2,FE,2013,35314,PUB
17,L2,MA,2013,37866,PUB
17,L3,FE,2013,52224,PUB
17,L3,MA,2013,35416,PUB
18,L1,FE,2013,8875,PUB
18,L1,MA,2013,19224,PUB
18,L2,FE,2013,19812,PUB
18,L2,MA,2013,30156,PUB
18,L3,FE,2013,40963,PUB
18,L3,MA,2013,37566,PUB
19,L1,FE,2013,3484,PUB
19,L1,MA,2013,9491,PUB
19,L2,FE,2013,9650,PUB
19,L2,MA,2013,19979,PUB
19,L3,FE,2013,28363,PUB
19,L3,MA,2013,33634,PUB
20,L1,FE,2013,1027,PUB
20,L1,MA,2013,3386,PUB
20,L2,FE,2013,3798,PUB
20,L2,MA,2013,10245,PUB
20,L3,FE,2013,16873,PUB
20,L3,MA,2013,25323,PUB
15,L1,FE,2015,43022,PUB
15,L1,MA,2015,31031,PUB
15,L2,FE,2015,691,PUB
15,L2,MA,2015,484,PUB
16,L1,FE,2015,56987,PUB
16,L1,MA,2015,48191,PUB
16,L2,FE,2015,37239,PUB
16,L2,MA,2015,26838,PUB
16,L3,FE,2015,610,PUB
16,L3,MA,2015,429,PUB
17,L1,FE,2015,26482,PUB
17,L1,MA,2015,37287,PUB
17,L2,FE,2015,56220,PUB
17,L2,MA,2015,53665,PUB
17,L3,FE,2015,46786,PUB
17,L3,MA,2015,51948,PUB
18,L1,FE,2015,11168,PUB
18,L1,MA,2015,23034,PUB
18,L2,FE,2015,22446,PUB
18,L2,MA,2015,32312,PUB
18,L3,FE,2015,52353,PUB
18,L3,MA,2015,39797,PUB
19,L1,FE,2015,4098,PUB
19,L1,MA,2015,11916,PUB
19,L2,FE,2015,11001,PUB
19,L2,MA,2015,22721,PUB
19,L3,FE,2015,32213,PUB
19,L3,MA,2015,36288,PUB
20,L1,FE,2015,1213,PUB
20,L1,MA,2015,4609,PUB
20,L2,FE,2015,4421,PUB
20,L2,MA,2015,12767,PUB
20,L3,FE,2015,18174,PUB
20,L3,MA,2015,28609,PUB
15,L1,FE,2016,61386,PUB
15,L1,MA,2016,43117,PUB
15,L2,FE,2016,781,PUB
15,L2,MA,2016,517,PUB
16,L1,FE,2016,55237,PUB
16,L1,MA,2016,47188,PUB
16,L2,FE,2016,46731,PUB
16,L2,MA,2016,32193,PUB
16,L3,FE,2016,741,PUB
16,L3,MA,2016,496,PUB
17,L1,FE,2016,22236,PUB
17,L1,MA,2016,31304,PUB
17,L2,FE,2016,50544,PUB
17,L2,MA,2016,43448,PUB
17,L3,FE,2016,38951,PUB
17,L3,MA,2016,25388,PUB
18,L1,FE,2016,10296,PUB
18,L1,MA,2016,22113,PUB
18,L2,FE,2016,23715,PUB
18,L2,MA,2016,33815,PUB
18,L3,FE,2016,50758,PUB
18,L3,MA,2016,39910,PUB
19,L1,FE,2016,3341,PUB
19,L1,MA,2016,10110,PUB
19,L2,FE,2016,10171,PUB
19,L2,MA,2016,21325,PUB
19,L3,FE,2016,27349,PUB
19,L3,MA,2016,32148,PUB
20,L1,FE,2016,924,PUB
20,L1,MA,2016,3551,PUB
20,L2,FE,2016,3722,PUB
20,L2,MA,2016,11204,PUB
20,L3,FE,2016,14894,PUB
20,L3,MA,2016,24454,PUB
15,L1,FE,2017,64524,PUB
15,L1,MA,2017,43925,PUB
15,L2,FE,2017,973,PUB
15,L2,MA,2017,615,PUB
16,L1,FE,2017,50685,PUB
16,L1,MA,2017,44208,PUB
16,L2,FE,2017,58634,PUB
16,L2,MA,2017,39172,PUB
16,L3,FE,2017,636,PUB
16,L3,MA,2017,433,PUB
17,L1,FE,2017,23516,PUB
17,L1,MA,2017,32370,PUB
17,L2,FE,2017,53702,PUB
17,L2,MA,2017,44967,PUB
17,L3,FE,2017,42983,PUB
17,L3,MA,2017,26833,PUB
18,L1,FE,2017,9936,PUB
18,L1,MA,2017,21186,PUB
18,L2,FE,2017,22630,PUB
18,L2,MA,2017,31463,PUB
18,L3,FE,2017,51522,PUB
18,L3,MA,2017,40238,PUB
19,L1,FE,2017,3512,PUB
19,L1,MA,2017,10757,PUB
19,L2,FE,2017,10645,PUB
19,L2,MA,2017,22578,PUB
19,L3,FE,2017,30621,PUB
19,L3,MA,2017,35641,PUB
20,L1,FE,2017,867,PUB
20,L1,MA,2017,3450,PUB
20,L2,FE,2017,3579,PUB
20,L2,MA,2017,10758,PUB
20,L3,FE,2017,14456,PUB
20,L3,MA,2017,24323,PUB
15,L1,FE,2018,65685,PUB
15,L1,MA,2018,44060,PUB
15,L2,FE,2018,1023,PUB
15,L2,MA,2018,604,PUB
16,L1,FE,2018,48453,PUB
16,L1,MA,2018,42135,PUB
16,L2,FE,2018,61459,PUB
16,L2,MA,2018,40198,PUB
16,L3,FE,2018,870,PUB
16,L3,MA,2018,483,PUB
17,L1,FE,2018,21939,PUB
17,L1,MA,2018,29947,PUB
17,L2,FE,2018,49191,PUB
17,L2,MA,2018,42137,PUB
17,L3,FE,2018,53832,PUB
17,L3,MA,2018,32934,PUB
18,L1,FE,2018,9911,PUB
18,L1,MA,2018,19907,PUB
18,L2,FE,2018,23306,PUB
18,L2,MA,2018,31505,PUB
18,L3,FE,2018,54842,PUB
18,L3,MA,2018,41517,PUB
19,L1,FE,2018,3057,PUB
19,L1,MA,2018,9016,PUB
19,L2,FE,2018,9980,PUB
19,L2,MA,2018,20500,PUB
19,L3,FE,2018,29141,PUB
19,L3,MA,2018,33248,PUB
20,L1,FE,2018,841,PUB
20,L1,MA,2018,3237,PUB
20,L2,FE,2018,3679,PUB
20,L2,MA,2018,10587,PUB
20,L3,FE,2018,15197,PUB
20,L3,MA,2018,25012,PUB
15,L1,FE,2019,71319,PUB
15,L1,MA,2019,47431,PUB
15,L2,FE,2019,909,PUB
15,L2,MA,2019,537,PUB
16,L1,FE,2019,51311,PUB
16,L1,MA,2019,44669,PUB
16,L2,FE,2019,62765,PUB
16,L2,MA,2019,40386,PUB
16,L3,FE,2019,931,PUB
16,L3,MA,2019,515,PUB
17,L1,FE,2019,24018,PUB
17,L1,MA,2019,31527,PUB
17,L2,FE,2019,47154,PUB
17,L2,MA,2019,40105,PUB
17,L3,FE,2019,57243,PUB
17,L3,MA,2019,34557,PUB
18,L1,FE,2019,10251,PUB
18,L1,MA,2019,19943,PUB
18,L2,FE,2019,21773,PUB
18,L2,MA,2019,29001,PUB
18,L3,FE,2019,51012,PUB
18,L3,MA,2019,39669,PUB
19,L1,FE,2019,3363,PUB
19,L1,MA,2019,9270,PUB
19,L2,FE,2019,9766,PUB
19,L2,MA,2019,18956,PUB
19,L3,FE,2019,28770,PUB
19,L3,MA,2019,32796,PUB
20,L1,FE,2019,804,PUB
20,L1,MA,2019,2819,PUB
20,L2,FE,2019,3157,PUB
20,L2,MA,2019,8874,PUB
20,L3,FE,2019,13677,PUB
20,L3,MA,2019,22294,PUB
16,L1,FE,1970,972,PRV
16,L1,MA,1970,1861,PRV
17,L2,FE,1970,784,PRV
17,L2,MA,1970,1448,PRV
18,L3,FE,1970,984,PRV
18,L3,MA,1970,1986,PRV
16,L1,FE,1971,580,PRV
16,L1,MA,1971,1278,PRV
17,L2,FE,1971,398,PRV
17,L2,MA,1971,869,PRV
18,L3,FE,1971,591,PRV
18,L3,MA,1971,1403,PRV
16,L1,FE,1972,1269,PRV
16,L1,MA,1972,1831,PRV
17,L2,FE,1972,1030,PRV
17,L2,MA,1972,1251,PRV
18,L3,FE,1972,932,PRV
18,L3,MA,1972,1488,PRV
16,L1,FE,1974,1427,PRV
16,L1,MA,1974,1597,PRV
17,L2,FE,1974,1168,PRV
17,L2,MA,1974,1241,PRV
18,L3,FE,1974,1027,PRV
18,L3,MA,1974,1177,PRV
16,L1,FE,1975,1299,PRV
16,L1,MA,1975,1683,PRV
17,L2,FE,1975,1013,PRV
17,L2,MA,1975,1223,PRV
18,L3,FE,1975,919,PRV
18,L3,MA,1975,1291,PRV
16,L1,FE,1976,2109,PRV
16,L1,MA,1976,2290,PRV
17,L2,FE,1976,1607,PRV
17,L2,MA,1976,1788,PRV
18,L3,FE,1976,1394,PRV
18,L3,MA,1976,1647,PRV
16,L1,FE,1977,1663,PRV
16,L1,MA,1977,2211,PRV
17,L2,FE,1977,1315,PRV
17,L2,MA,1977,1612,PRV
18,L3,FE,1977,1216,PRV
18,L3,MA,1977,1728,PRV
16,L1,FE,1978,1775,PRV
16,L1,MA,1978,2282,PRV
17,L2,FE,1978,1300,PRV
17,L2,MA,1978,1532,PRV
18,L3,FE,1978,1336,PRV
18,L3,MA,1978,1782,PRV
16,L1,FE,1979,1939,PRV
16,L1,MA,1979,2570,PRV
17,L2,FE,1979,1334,PRV
17,L2,MA,1979,1708,PRV
18,L3,FE,1979,1430,PRV
18,L3,MA,1979,1785,PRV
16,L1,FE,1980,1925,PRV
16,L1,MA,1980,2625,PRV
17,L2,FE,1980,1534,PRV
17,L2,MA,1980,2040,PRV
18,L3,FE,1980,1539,PRV
18,L3,MA,1980,1978,PRV
16,L1,FE,1981,2142,PRV
16,L1,MA,1981,2809,PRV
17,L2,FE,1981,1516,PRV
17,L2,MA,1981,2179,PRV
18,L3,FE,1981,1846,PRV
18,L3,MA,1981,2508,PRV
16,L1,FE,1982,2494,PRV
16,L1,MA,1982,4225,PRV
17,L2,FE,1982,1834,PRV
17,L2,MA,1982,2980,PRV
18,L3,FE,1982,1959,PRV
18,L3,MA,1982,3039,PRV
16,L1,FE,1983,3346,PRV
16,L1,MA,1983,4822,PRV
17,L2,FE,1983,2257,PRV
17,L2,MA,1983,3471,PRV
18,L3,FE,1983,2439,PRV
18,L3,MA,1983,3514,PRV
16,L1,FE,1990,3002,PRV
16,L1,MA,1990,6058,PRV
17,L2,FE,1990,2829,PRV
17,L2,MA,1990,5754,PRV
18,L3,FE,1990,3183,PRV
18,L3,MA,1990,7200,PRV
16,L1,FE,1991,2446,PRV
16,L1,MA,1991,2154,PRV
17,L2,FE,1991,2534,PRV
17,L2,MA,1991,1974,PRV
18,L3,FE,1991,3646,PRV
18,L3,MA,1991,3036,PRV
16,L1,FE,1992,2872,PRV
16,L1,MA,1992,5739,PRV
17,L2,FE,1992,2649,PRV
17,L2,MA,1992,5641,PRV
18,L3,FE,1992,3786,PRV
18,L3,MA,1992,7761,PRV
16,L1,FE,1993,2576,PRV
16,L1,MA,1993,5602,PRV
17,L2,FE,1993,2749,PRV
17,L2,MA,1993,5705,PRV
18,L3,FE,1993,3383,PRV
18,L3,MA,1993,7150,PRV
16,L1,FE,1994,2757,PRV
16,L1,MA,1994,6120,PRV
17,L2,FE,1994,2649,PRV
17,L2,MA,1994,5785,PRV
18,L3,FE,1994,3378,PRV
18,L3,MA,1994,6881,PRV
16,L1,FE,1995,2971,PRV
16,L1,MA,1995,5350,PRV
17,L2,FE,1995,3140,PRV
17,L2,MA,1995,5688,PRV
18,L3,FE,1995,3957,PRV
18,L3,MA,1995,6929,PRV
16,L1,FE,1996,2941,PRV
16,L1,MA,1996,5135,PRV
17,L2,FE,1996,3196,PRV
17,L2,MA,1996,6208,PRV
18,L3,FE,1996,4328,PRV
18,L3,MA,1996,8349,PRV
16,L1,FE,1997,2805,PRV
16,L1,MA,1997,4795,PRV
17,L2,FE,1997,3376,PRV
17,L2,MA,1997,5941,PRV
18,L3,FE,1997,4460,PRV
18,L3,MA,1997,8994,PRV
16,L1,FE,1998,3171,PRV
16,L1,MA,1998,5250,PRV
17,L2,FE,1998,3255,PRV
17,L2,MA,1998,5580,PRV
18,L3,FE,1998,4293,PRV
18,L3,MA,1998,8351,PRV
16,L1,FE,1999,3190,PRV
16,L1,MA,1999,5233,PRV
17,L2,FE,1999,3391,PRV
17,L2,MA,1999,5706,PRV
18,L3,FE,1999,4168,PRV
18,L3,MA,1999,7476,PRV
16,L1,FE,2000,4116,PRV
16,L1,MA,2000,6386,PRV
17,L2,FE,2000,3556,PRV
17,L2,MA,2000,5372,PRV
18,L3,FE,2000,4547,PRV
18,L3,MA,2000,7413,PRV
16,L1,FE,2001,3699,PRV
16,L1,MA,2001,5264,PRV
17,L2,FE,2001,4262,PRV
17,L2,MA,2001,6362,PRV
18,L3,FE,2001,4662,PRV
18,L3,MA,2001,7106,PRV
16,L1,FE,2002,3613,PRV
16,L1,MA,2002,5521,PRV
17,L2,FE,2002,3427,PRV
17,L2,MA,2002,5313,PRV
18,L3,FE,2002,4853,PRV
18,L3,MA,2002,7983,PRV
16,L1,FE,2003,3628,PRV
16,L1,MA,2003,5965,PRV
17,L2,FE,2003,3178,PRV
17,L2,MA,2003,5249,PRV
18,L3,FE,2003,3894,PRV
18,L3,MA,2003,6822,PRV
16,L1,FE,2004,4200,PRV
16,L1,MA,2004,6219,PRV
17,L2,FE,2004,3738,PRV
17,L2,MA,2004,5318,PRV
18,L3,FE,2004,3895,PRV
18,L3,MA,2004,6379,PRV
16,L1,FE,2005,3810,PRV
16,L1,MA,2005,6015,PRV
17,L2,FE,2005,3585,PRV
17,L2,MA,2005,5650,PRV
18,L3,FE,2005,4004,PRV
18,L3,MA,2005,6542,PRV
16,L1,FE,2006,4612,PRV
16,L1,MA,2006,6914,PRV
17,L2,FE,2006,3751,PRV
17,L2,MA,2006,5834,PRV
18,L3,FE,2006,4559,PRV
18,L3,MA,2006,7262,PRV
16,L1,FE,2007,6416,PRV
16,L1,MA,2007,8848,PRV
17,L2,FE,2007,5427,PRV
17,L2,MA,2007,7343,PRV
18,L3,FE,2007,6036,PRV
18,L3,MA,2007,9049,PRV
16,L1,FE,2008,6308,PRV
16,L1,MA,2008,8622,PRV
17,L2,FE,2008,5109,PRV
17,L2,MA,2008,7093,PRV
18,L3,FE,2008,5899,PRV
18,L3,MA,2008,8737,PRV
16,L1,FE,2009,7203,PRV
16,L1,MA,2009,9107,PRV
17,L2,FE,2009,5719,PRV
17,L2,MA,2009,7927,PRV
18,L3,FE,2009,6563,PRV
18,L3,MA,2009,9475,PRV
16,L1,FE,2010,8546,PRV
16,L1,MA,2010,10478,PRV
17,L2,FE,2010,7739,PRV
17,L2,MA,2010,9503,PRV
18,L3,FE,2010,8738,PRV
18,L3,MA,2010,12152,PRV
16,L1,FE,2011,9237,PRV
16,L1,MA,2011,11875,PRV
17,L2,FE,2011,8950,PRV
17,L2,MA,2011,11061,PRV
18,L3,FE,2011,10572,PRV
18,L3,MA,2011,14260,PRV
16,L1,FE,2012,10204,PRV
16,L1,MA,2012,12490,PRV
17,L2,FE,2012,9409,PRV
17,L2,MA,2012,12267,PRV
18,L3,FE,2012,12326,PRV
18,L3,MA,2012,16748,PRV
16,L1,FE,2013,11920,PRV
16,L1,MA,2013,13581,PRV
17,L2,FE,2013,10933,PRV
17,L2,MA,2013,12997,PRV
18,L3,FE,2013,12479,PRV
18,L3,MA,2013,16554,PRV
16,L1,FE,2014,12205,PRV
16,L1,MA,2014,13817,PRV
17,L2,FE,2014,11619,PRV
17,L2,MA,2014,13774,PRV
18,L3,FE,2014,13511,PRV
18,L3,MA,2014,17899,PRV
16,L1,FE,2015,12821,PRV
16,L1,MA,2015,14111,PRV
17,L2,FE,2015,12117,PRV
17,L2,MA,2015,14092,PRV
18,L3,FE,2015,14690,PRV
18,L3,MA,2015,17960,PRV
16,L1,FE,2016,14231,PRV
16,L1,MA,2016,14853,PRV
17,L2,FE,2016,13003,PRV
17,L2,MA,2016,14703,PRV
18,L3,FE,2016,14645,PRV
18,L3,MA,2016,17823,PRV
16,L1,FE,2017,14945,PRV
16,L1,MA,2017,15564,PRV
17,L2,FE,2017,14123,PRV
17,L2,MA,2017,14971,PRV
18,L3,FE,2017,14785,PRV
18,L3,MA,2017,17987,PRV
16,L1,FE,2018,15583,PRV
16,L1,MA,2018,15835,PRV
17,L2,FE,2018,14695,PRV
17,L2,MA,2018,15656,PRV
18,L3,FE,2018,16313,PRV
18,L3,MA,2018,18657,PRV
16,L1,FE,2019,16753,PRV
16,L1,MA,2019,16612,PRV
17,L2,FE,2019,15594,PRV
17,L2,MA,2019,16404,PRV
18,L3,FE,2019,17056,PRV
18,L3,MA,2019,19121,PRV
